j,eta
20.0,-9.951381715246654
19.99392760361803,-9.94556327116677
19.987741835673177,-9.939637650388505
19.981555709243153,-9.933713153837868
19.975369224214603,-9.927789782149388
19.969182380473704,-9.921867535959478
19.96299517790702,-9.915946415903775
19.956807616400823,-9.910026422619227
19.950619695841773,-9.904107556742039
19.94443141611639,-9.898189818909255
19.938242777110975,-9.892273209759045
19.932053778712508,-9.88635772992786
19.92586442080726,-9.880443380054798
19.91967470328196,-9.874530160777995
19.91348462602336,-9.868618072735886
19.90729418891819,-9.862707116567444
19.90110339185285,-9.856797292913093
19.894912234714525,-9.850888602411226
19.888720717389745,-9.844981045702722
19.882528839765644,-9.839074623427
19.87633660172872,-9.833169336225906
19.8701440031662,-9.827265184739424
19.863951043964843,-9.821362169609442
19.857757724011474,-9.81546029147809
19.85156404319338,-9.809559550986448
19.845370001397296,-9.803659948777817
19.839175598510582,-9.7977614854939
19.83298083442007,-9.791864161778554
19.82678570901302,-9.785967978274702
19.820590222176666,-9.780072935625782
19.814394373797942,-9.774179034476624
19.80819816376435,-9.768286275470714
19.80200159196304,-9.762394659253046
19.79580465828131,-9.756504186468636
19.789607362606482,-9.750614857762818
19.783409704825896,-9.744726673781347
19.77721168482704,-9.738839635169931
19.77101330249724,-9.732953742575232
19.764814557724076,-9.727068996643553
19.758615450394956,-9.721185398022179
19.75241598039746,-9.715302947358307
19.746216147619155,-9.709421645299594
19.74001595194766,-9.703541492493995
19.733815393270557,-9.697662489590025
19.72761447147566,-9.691784637235891
19.721413186450484,-9.685907936081216
19.715211538082954,-9.680032386774752
19.709009526260758,-9.674157989966456
19.702807150871774,-9.66828474630611
19.696604411803836,-9.662412656444106
19.690401308944793,-9.656541721031237
19.68419784218267,-9.650671940718173
19.677994011405396,-9.644803316156338
19.671789816500898,-9.638935847997605
19.665585257357172,-9.633069536894094
19.65938033386257,-9.62720438349724
19.65317504590499,-9.62134038846035
19.646969393372572,-9.615477552436447
19.64076337615363,-9.609615876078422
19.634556994136222,-9.603755360040445
19.628350247208743,-9.597896004976066
19.62214313525945,-9.592037811539731
19.615935658176593,-9.586180780386345
19.60972781584873,-9.580324912170303
19.603519608164177,-9.574470207547217
19.597311035011273,-9.568616667173085
19.591102096278775,-9.562764291703033
19.58489279185488,-9.55691308179442
19.57868312162848,-9.551063038102841
19.57247308548798,-9.545214161285909
19.56626268332197,-9.539366452001119
19.5600519150193,-9.533519910905541
19.5538407804687,-9.527674538657156
19.547629279558727,-9.521830335914913
19.541417412178323,-9.515987303337006
19.535205178216486,-9.510145441581894
19.528992577561663,-9.504304751310286
19.5227796101031,-9.49846523318077
19.516566275729758,-9.492626887853316
19.51035257433051,-9.486789715988643
19.50413850579456,-9.480953718246878
19.49792407001065,-9.475118895290082
19.491709266868227,-9.469285247778519
19.48549409625633,-9.463452776374229
19.47927855806423,-9.457621481738954
19.473062652181017,-9.451791364535524
19.46684637849615,-9.44596242542602
19.460629736898813,-9.440134665073876
19.45441272727848,-9.43430808414207
19.44819534952448,-9.428482683294511
19.441977603526176,-9.422658463195452
19.435759489173222,-9.4168354245087
19.42954100635513,-9.411013567898985
19.423322154961337,-9.405192894031735
19.417102934881562,-9.39937340357195
19.410883346005395,-9.393555097185523
19.404663388222794,-9.387737975537615
19.39844306142309,-9.381922039295885
19.392222365496373,-9.37610728912603
19.38600130033221,-9.370293725695886
19.3797798658207,-9.364481349672076
19.373558061851654,-9.358670161722605
19.36733588831508,-9.352860162515313
19.36111334510087,-9.347051352718907
19.354890432099282,-9.341243733001372
19.34866714920005,-9.335437304032862
19.34244349629357,-9.329632066481897
19.33621947327003,-9.323828021018102
19.329995080019508,-9.318025168311976
19.323770316432277,-9.312223509033826
19.317545182398643,-9.306423043854371
19.31131967780902,-9.300623773444437
19.30509380255381,-9.294825698475385
19.29886755652342,-9.289028819619014
19.292640939608223,-9.283233137547727
19.286413951698936,-9.277438652933315
19.280186592686057,-9.271645366448727
19.273958862460113,-9.26585327876732
19.267730760911853,-9.260062390562226
19.261502287931993,-9.254272702507139
19.255273443411234,-9.248484215276298
19.24904422724035,-9.242696929544199
19.2428146393103,-9.236910845985209
19.236584679511893,-9.231125965274687
19.23035434773607,-9.225342288088017
19.22412364387374,-9.219559815101228
19.217892567816268,-9.213778546989294
19.211661119454217,-9.20799848443032
19.205429298679146,-9.202219628099662
19.199197105381963,-9.19644197867527
19.19296453945393,-9.190665536834429
19.186731600786448,-9.184890303254466
19.18049828927068,-9.17911627861399
19.174264604798033,-9.173343463591292
19.168030547259853,-9.167571858865355
19.161796116547734,-9.161801465114845
19.15556131255304,-9.156032283019679
19.149326135167396,-9.150264313259397
19.14309058428244,-9.144497556514018
19.136854659789666,-9.138732013464518
19.130618361580893,-9.132967684791288
19.124381689547786,-9.12720457117574
19.118144643582205,-9.121442673299137
19.11190722357603,-9.115681991843173
19.105669429420995,-9.109922527490516
19.09943126100908,-9.104164280923548
19.093192718232338,-9.098407252824881
19.08695380098287,-9.092651443877493
19.08071450915259,-9.086896854765442
19.074474842633727,-9.081143486172298
19.06823480131849,-9.075391338782168
19.06199438509906,-9.069640413279771
19.05575359386772,-9.063890710349963
19.049512427516813,-9.05814223067795
19.043270885938703,-9.052394974949346
19.03702896902599,-9.046648943849496
19.030786676670918,-9.04090413806542
19.02454400876617,-9.035160558283197
19.018300965204265,-9.029418205189971
19.01205754587802,-9.023677079472396
19.005813750679895,-9.017937181818793
18.99956957950269,-9.012198512916902
18.99332503223924,-9.006461073454833
18.987080108782436,-9.000724864121045
18.98083480902509,-8.994989885604742
18.974589132860118,-8.989256138595316
18.968343080180723,-8.983523623781698
18.962096650879857,-8.977792341854189
18.955849844850547,-8.972062293503324
18.94960266198597,-8.966333479419669
18.943355102179368,-8.960605900294105
18.937107165324015,-8.954879556817888
18.930858851313232,-8.949154449682657
18.924610160040363,-8.943430579580479
18.918361091398925,-8.937707947203373
18.91211164528224,-8.931986553244505
18.90586182158393,-8.926266398396594
18.8996116201976,-8.920547483352882
18.89336104101682,-8.9148298088073
18.88711008393543,-8.909113375453368
18.880858748846904,-8.903398183986345
18.874607035645436,-8.89768423509964
18.868354944224578,-8.891971529489274
18.862102474478284,-8.886260067850497
18.855849626300508,-8.880549850879056
18.849596399585376,-8.874840879270643
18.843342794226945,-8.869133153721721
18.837088810119376,-8.863426674928931
18.830834447156715,-8.857721443589801
18.824579705233194,-8.85201746040177
18.818324584243353,-8.8463147260618
18.812069084081323,-8.840613241268704
18.805813204641648,-8.834913006720472
18.799556945818583,-8.829214023116581
18.793300307507,-8.823516291154975
18.78704328960112,-8.81781981153629
18.780785891995844,-8.812124584959431
18.774528114585795,-8.806430612124757
18.768269957265424,-8.800737893733729
18.76201141993011,-8.795046430485252
18.75575250247419,-8.78935622308222
18.749493204792973,-8.783667272224852
18.743233526781207,-8.777979578615717
18.736973468333936,-8.772293142956965
18.73071302934638,-8.766607965950685
18.724452209713608,-8.760924048299998
18.71819100933074,-8.755241390708393
18.711929428093313,-8.749559993878531
18.705667465896305,-8.743879858515411
18.699405122635476,-8.738200985322008
18.693142398206014,-8.732523375003732
18.68687929250346,-8.726847028265333
18.680615805423493,-8.721171945811669
18.674351936861456,-8.715498128349228
18.66808768671337,-8.709825576582787
18.661823054874937,-8.704154291218735
18.65555804124163,-8.698484272964752
18.64929264570963,-8.692815522526704
18.64302686817478,-8.687148040612119
18.636760708533025,-8.681481827928717
18.630494166680474,-8.67581688518425
18.624227242513047,-8.670153213087595
18.617959935927114,-8.664490812346708
18.61169224681899,-8.658829683670247
18.605424175084543,-8.653169827768908
18.599155720620455,-8.647511245351236
18.59288688332299,-8.641853937127701
18.586617663088795,-8.63619790380804
18.58034805981424,-8.630543146103467
18.574078073395896,-8.624889664725071
18.567807703730523,-8.619237460383848
18.561536950714782,-8.613586533791683
18.55526581424544,-8.607936885660642
18.54899429421941,-8.602288516702881
18.542722390533427,-8.596641427631653
18.536450103084654,-8.59099561915939
18.530177431769925,-8.585351092000128
18.5239043764865,-8.579707846867066
18.517630937131546,-8.574065884474223
18.511357113602145,-8.568425205536505
18.505082905795692,-8.562785810768277
18.49880831360932,-8.55714770088537
18.492533336940788,-8.551510876602055
18.486257975687135,-8.545875338635579
18.4799822297464,-8.540241087700393
18.473706099015786,-8.534608124514309
18.467429583393127,-8.528976449793557
18.461152682776028,-8.52334606425572
18.4548753970625,-8.51771696861758
18.44859772615019,-8.512089163597686
18.44231966993731,-8.506462649913257
18.43604122832149,-8.500837428284008
18.429762401200804,-8.495213499428738
18.423483188473757,-8.48959086406539
18.41720359003829,-8.4839695229143
18.41092360579248,-8.478349476695973
18.404643235634875,-8.472730726129843
18.398362479463895,-8.467113271936375
18.392081337177935,-8.461497114836666
18.38579980867542,-8.45588225555228
18.379517893854974,-8.450268694804668
18.373235592615327,-8.444656433315522
18.366952904855033,-8.439045471807649
18.360669830473036,-8.433435811003148
18.354386369368303,-8.427827451624578
18.34810252143929,-8.422220394396815
18.34181828658544,-8.416614640041983
18.335533664705782,-8.41101018928414
18.329248655699,-8.40540704284909
18.32296325946492,-8.399805201459374
18.316677475902274,-8.394204665841777
18.31039130491077,-8.388605436720374
18.3041047463894,-8.383007514822229
18.297817800238086,-8.37741090087182
18.29153046635601,-8.371815595596729
18.285242744642826,-8.366221599723527
18.278954634998424,-8.36062891397851
18.272666137322318,-8.355037539089865
18.2663772515144,-8.349447475785079
18.260087977474615,-8.343858724792003
18.25379831510277,-8.338271286839579
18.247508264299032,-8.332685162656066
18.24121782496354,-8.327100352970428
18.23492699699621,-8.321516858512958
18.22863578029757,-8.315934680012457
18.222344174767734,-8.310353818199692
18.216052180306974,-8.304774273805506
18.209759796815995,-8.299196047559839
18.203467024195223,-8.29361914019416
18.197173862345274,-8.288043552439897
18.190880311166612,-8.282469285029553
18.184586370560186,-8.27689633869458
18.178292040426683,-8.27132471416792
18.171997320667106,-8.265754412182002
18.165702211182268,-8.260185433470516
18.159406711873235,-8.254617778766852
18.153110822641263,-8.249051448804382
18.14681454338727,-8.243486444318178
18.14051787401256,-8.237922766042598
18.134220814418498,-8.232360414712394
18.127923364506447,-8.226799391062922
18.12162552417786,-8.221239695829814
18.115327293334257,-8.215681329749046
18.109028671877343,-8.210124293556591
18.102729659708697,-8.204568587989437
18.09643025673004,-8.199014213784656
18.09013046284335,-8.193461171679083
18.08383027795041,-8.187909462410792
18.077529701953246,-8.182359086717598
18.071228734753888,-8.176810045337957
18.064927376254456,-8.171262339010564
18.05862562635714,-8.165715968474508
18.052323484964262,-8.160170934469013
18.046020951978182,-8.154627237733774
18.039718027301404,-8.14908487900858
18.033414710836173,-8.143543859034732
18.027111002485366,-8.138004178551958
18.020806902151445,-8.132465838302016
18.014502409737183,-8.1269288390262
18.008197525145402,-8.121393181466239
18.001892248279074,-8.11585886636394
17.995586579041,-8.110325894462324
17.989280517334382,-8.10479426650363
17.982974063062194,-8.099263983231506
17.976667216127872,-8.093735045388593
17.97035997643432,-8.088207453719974
17.964052343885193,-8.08268120896878
17.957744318383835,-8.07715631187979
17.951435899833626,-8.071632763198297
17.94512708813837,-8.06611056366874
17.938817883201445,-8.060589714037643
17.932508284926943,-8.055070215049662
17.926198293218377,-8.049552067452074
17.919887907979902,-8.044035271990566
17.913577129115264,-8.038519829412841
17.90726595652864,-8.033005740465734
17.9009543901242,-8.027493005896714
17.894642429806122,-8.02198162645383
17.888330075478578,-8.01647160288581
17.882017327046153,-8.01096293594053
17.875704184413145,-8.005455626367494
17.86939064748419,-7.999949674915662
17.8630767161638,-7.994445082335044
17.856762390356756,-7.988941849375318
17.85044766996783,-7.983439976786851
17.844132554901865,-7.977939465320368
17.837817045063858,-7.972440315726677
17.831501140358743,-7.966942528757433
17.82518484069157,-7.961446105164522
17.818868145967706,-7.955951045699359
17.81255105609233,-7.950457351114607
17.806233570970686,-7.94496502216338
17.799915690508424,-7.9394740595979645
17.79359741461078,-7.933984464172728
17.787278743183627,-7.92849623664047
17.78095967613247,-7.923009377755889
17.774640213363156,-7.917523888273109
17.768320354781423,-7.912039768947288
17.762000100293424,-7.906557020532755
17.755679449804916,-7.901075643785868
17.749358403222015,-7.895595639462336
17.743036960451025,-7.890117008317892
17.73671512139813,-7.884639751109288
17.730392885969678,-7.879163868593349
17.724070254072192,-7.873689361526936
17.71774722561218,-7.86821623066759
17.711423800496135,-7.862744476773529
17.705099978630717,-7.857274100603053
17.698775759922828,-7.851805102914245
17.692451144279154,-7.846337484466562
17.68612613160684,-7.840871246018541
17.679800721812775,-7.8354063883302185
17.673474914804192,-7.829942912161085
17.667148710488096,-7.824480818272071
17.66082210877201,-7.819020107422939
17.65449510956306,-7.813560780375468
17.64816771276884,-7.80810283789048
17.64183991829683,-7.802646280729793
17.6355117260548,-7.79719110965491
17.629183135950335,-7.791737325428592
17.6228541478912,-7.786284928813617
17.61652476178541,-7.780833920572542
17.610194977540758,-7.7753843014693675
17.603864795065597,-7.769936072266748
17.5975342142679,-7.764489233729358
17.591203235055744,-7.759043786622127
17.584871857337767,-7.753599731708689
17.578540081022332,-7.748157069754282
17.57220790601784,-7.742715801524661
17.565875332232828,-7.737275927785777
17.559542359576213,-7.731837449302885
17.553208987956577,-7.726400366843076
17.546875217282913,-7.720964681172651
17.540541047463996,-7.715530393059335
17.53420647840901,-7.710097503270066
17.527871510027026,-7.7046660125728605
17.52153614222725,-7.699235921735898
17.515200374919136,-7.69380723152716
17.508864208011907,-7.688379942716069
17.502527641415195,-7.682954056071298
17.496190675038314,-7.677529572363304
17.48985330879136,-7.672106492360436
17.483515542583813,-7.666684816833886
17.477177376325635,-7.661264546553806
17.470838809926697,-7.655845682291345
17.46449984329715,-7.6504282248173014
17.458160476347032,-7.645012174903581
17.451820708986517,-7.639597533322235
17.44548054112601,-7.6341843008451855
17.439139972675992,-7.6287724782447555
17.432799003546855,-7.623362066294254
17.426457633649115,-7.6179530657672165
17.420115862893738,-7.612545477436249
17.413773691191228,-7.607139302076281
17.40743111845261,-7.601734540461062
17.401088144588698,-7.596331193365772
17.394744769510783,-7.590929261564545
17.388400993129714,-7.5855287458337886
17.382056815357046,-7.580129646948068
17.375712236104015,-7.5747319656837515
17.369367255282004,-7.569335702817371
17.363021872802456,-7.563940859125928
17.356676088577274,-7.558547435385459
17.350329902517878,-7.553155432374387
17.343983314536285,-7.547764850869716
17.337636324544395,-7.542375691649538
17.33128893245407,-7.536987955492754
17.324941138177604,-7.531601643177411
17.318592941627006,-7.526216755483264
17.31224434271478,-7.520833293188989
17.305895341353157,-7.515451257074906
17.299545937454653,-7.51007064792102
17.293196130931836,-7.5046914665078175
17.28684592169744,-7.49931371361589
17.28049530966421,-7.493937390026491
17.27414429474513,-7.4885624965206965
17.267792876852923,-7.483189033881198
17.26144105590089,-7.477817002889322
17.25508883180218,-7.472446404327617
17.248736204469914,-7.467077238979447
17.242383173817515,-7.4617095076277735
17.236029739758504,-7.456343211055895
17.229675902206413,-7.450978350047773
17.223321661074873,-7.445614925387712
17.216967016277664,-7.440252937860161
17.21061196772873,-7.434892388249707
17.2042565153418,-7.429533277342381
17.19790065903106,-7.424175605923277
17.191544398710782,-7.418819374777891
17.18518773429502,-7.413464584693194
17.178830665698257,-7.4081112364553015
17.172473192834854,-7.4027593308514925
17.166115315619496,-7.397408868668588
17.15975703396662,-7.392059850694968
17.15339834779133,-7.386712277717358
17.147039257008228,-7.381366150524979
17.140679761532198,-7.376021469906709
17.134319861278442,-7.370678236651041
17.127959556162104,-7.365336451547355
17.121598846098465,-7.359996115385239
17.11523773100291,-7.354657228954638
17.108876210790932,-7.349319793045805
17.10251428537787,-7.343983808450245
17.096151954679588,-7.338649275958318
17.089789218611806,-7.333316196361567
17.083426077090564,-7.327984570451109
17.077062530031487,-7.322654399020307
17.070698577351024,-7.317325682860213
17.064334218965104,-7.311998422764483
17.05796945479015,-7.306672619525739
17.051604284742506,-7.301348273937562
17.045238708738705,-7.296025386793588
17.038872726695303,-7.29070395888807
17.032506338529153,-7.28538399101492
17.026139544156763,-7.280065483970026
17.019772343495283,-7.274748438547654
17.013404736461688,-7.269432855543447
17.007036722973154,-7.264118735753008
17.000668302946774,-7.258806079972987
16.99429947629987,-7.253494888999923
16.987930242950135,-7.248185163629721
16.98156060281474,-7.242876904660938
16.975190555811707,-7.237570112889725
16.96882010185863,-7.232264789114554
16.96244924087333,-7.226960934133754
16.956077972773674,-7.221658548746254
16.94970629747803,-7.216357633749889
16.943334214904457,-7.211058189944332
16.93696172497117,-7.20576021812942
16.930588827596626,-7.200463719104853
16.92421552269939,-7.195168693670643
16.917841810198013,-7.18987514262764
16.911467690011175,-7.184583066776884
16.905093162057817,-7.1792924669192635
16.898718226256804,-7.1740033438566435
16.892342882527192,-7.168715698390942
16.88596713078807,-7.163429531324678
16.879590970958812,-7.158144843460106
16.87321440295888,-7.15286163559987
16.866837426707427,-7.147579908548467
16.86046004212438,-7.142299663108339
16.854082249129316,-7.137020900083941
16.847704047642036,-7.131743620279638
16.841325437582473,-7.1264678245000574
16.834946418870533,-7.121193513550674
16.82856699142658,-7.115920688236051
16.822187155170766,-7.110649349362231
16.815806910023504,-7.105379497735089
16.809426255905247,-7.100111134161077
16.803045192736384,-7.094844259447626
16.796663720437905,-7.0895788744007335
16.790281838930483,-7.084314979828286
16.783899548135008,-7.07905257653814
16.777516847972617,-7.073791665337989
16.77113373836438,-7.0685322470365275
16.764750219231544,-7.0632743224425525
16.7583662904956,-7.058017892364719
16.7519819520778,-7.05276295761333
16.74559720389997,-7.047509518997281
16.739212045883647,-7.042257577327352
16.732826477950837,-7.037007133413327
16.72644050002338,-7.03175818806635
16.72005411202314,-7.026510742098244
16.713667313872595,-7.021264796319337
16.707280105493894,-7.0160203515419255
16.700892486809387,-7.01077740857831
16.694504457741637,-7.005535968240798
16.6881160182132,-7.0002960313424625
16.681727168146793,-6.995057598696561
16.675337907465437,-6.989820671115981
16.668948236091847,-6.984585249415502
16.66255815394919,-6.9793513344090305
16.656167660960854,-6.974118926910391
16.649776757050045,-6.968888027734868
16.643385442140037,-6.963658637698255
16.636993716154517,-6.958430757615574
16.630601579017107,-6.953204388302889
16.62420903065157,-6.947979530576493
16.617816070981846,-6.942756185252821
16.61142269993193,-6.937534353148841
16.60502891742598,-6.932314035081711
16.598634723388148,-6.927095231869386
16.5922401177429,-6.9218779443294185
16.5858451004147,-6.916662173280175
16.57944967132807,-6.911447919540562
16.573053830407773,-6.906235183929375
16.566657577578752,-6.9010239672655125
16.560260912765646,-6.895814270369798
16.553863835893942,-6.89060609406068
16.5474663468886,-6.885399439159336
16.541068445674814,-6.880194306486884
16.534670132178313,-6.874990696863202
16.528271406324478,-6.869788611110264
16.52187226803889,-6.864588050050079
16.51547271724758,-6.8593890145037895
16.50907275387621,-6.854191505294659
16.502672377851017,-6.848995523244639
16.496271589097976,-6.843801069177413
16.489870387543466,-6.838608143915972
16.48346877311387,-6.833416748284076
16.47706674573561,-6.828226883106115
16.47066430533547,-6.823038549205928
16.46426145184006,-6.817851747408832
16.457858185176406,-6.812666478539327
16.451454505271414,-6.807482743423181
16.445050412052154,-6.802300542886361
16.43864590544612,-6.797119877754035
16.432240985380226,-6.791940748854321
16.425835651782336,-6.7867631570126
16.419429904579992,-6.7815871030562525
16.413023743700844,-6.776412587813063
16.406617169072856,-6.771239612110429
16.40021018062388,-6.76606817677697
16.393802778282097,-6.760898282640877
16.38739496197578,-6.7557299305308165
16.380986731633232,-6.750563121276122
16.374578087182794,-6.745397855706798
16.368169028553364,-6.740234134651583
16.36175955567342,-6.73507195894157
16.35534966847197,-6.7299113294067
16.348939366877868,-6.724752246878263
16.34252865082031,-6.719594712187124
16.33611752022841,-6.714438726165229
16.3297059750317,-6.709284289643772
16.323294015159515,-6.704131403455512
16.31688164054152,-6.698980068432767
16.3104688511074,-6.6938302854085885
16.30405564678693,-6.68868205521653
16.297642027510236,-6.683535378689636
16.291227993207507,-6.678390256661495
16.28481354380876,-6.673246689967206
16.278398679244575,-6.668104679440537
16.271983399445297,-6.66296422591696
16.265567704341542,-6.657825330231762
16.259151593864058,-6.65268799322055
16.25273506794383,-6.6475522157188465
16.246318126511778,-6.642417998563272
16.239900769499023,-6.637285342590469
16.233482996836898,-6.632154248637131
16.22706480845658,-6.627024717541367
16.22064620429015,-6.621896750138682
16.214227184268587,-6.61677034726961
16.207807748323926,-6.611645509771469
16.201387896388194,-6.606522238482474
16.1949676283933,-6.6014005342420985
16.188546944271266,-6.596280397890234
16.182125843954775,-6.591161830265092
16.175704327375964,-6.586044832207789
16.16928239446737,-6.58092940455874
16.162860045161924,-6.575815548157742
16.156437279392303,-6.570703263846362
16.150014097091354,-6.565592552466359
16.14359049819232,-6.560483414858835
16.137166482628263,-6.555375851866418
16.130742050332692,-6.550269864330861
16.124317201239055,-6.545165453095021
16.117891935280927,-6.540062619002102
16.111466252391896,-6.534961362896069
16.105040152506078,-6.529861685619776
16.098613635557392,-6.524763588017635
16.09218670148005,-6.519667070933794
16.085759350208107,-6.514572135213845
16.07933158167618,-6.509478781702104
16.072903395818702,-6.504387011244393
16.066474792570382,-6.499296824686389
16.060045771866083,-6.494208222873989
16.053616333640655,-6.489121206654007
16.047186477829285,-6.484035776872821
16.040756204367035,-6.478951934378133
16.034325513189263,-6.473869680017379
16.02789440423171,-6.468789014637374
16.021462877429734,-6.463709939087256
16.015030932719093,-6.458632454215497
16.008598570035854,-6.453556560870242
16.00216578931582,-6.448482259901494
15.995732590495281,-6.4434095521582835
15.989298973510566,-6.43833843849031
15.98286493829791,-6.433268919748528
15.976430484794054,-6.428200996782795
15.969995612935778,-6.423134670443694
15.963560322659728,-6.4180699415831715
15.957124613903016,-6.413006811052262
15.950688486602683,-6.407945279703146
15.94425194069591,-6.402885348388321
15.937814976120286,-6.3978270179595995
15.931377592813234,-6.3927702892702865
15.924939790712406,-6.387715163173684
15.91850156975572,-6.3826616405229295
15.912062929880943,-6.377609722172644
15.905623871026275,-6.372559408976625
15.899184393129978,-6.36751070178932
15.892744496130177,-6.362463601466576
15.886304179965707,-6.357418108862389
15.879863444574942,-6.3523742248333885
15.873422289896874,-6.3473319502347145
15.866980715870275,-6.342291285923233
15.860538722434148,-6.337252232755803
15.854096309527971,-6.332214791588316
15.847653477090729,-6.327178963279472
15.841210225062204,-6.3221447486857505
15.834766553381867,-6.317112148665732
15.82832246198949,-6.312081164077717
15.82187795082498,-6.307051795780364
15.815433019828417,-6.3020240446325575
15.80898766894013,-6.29699791149309
15.802541898100074,-6.291973397223116
15.796095707249055,-6.286950502681368
15.78964909632758,-6.2819292287286315
15.783202065276383,-6.276909576225699
15.776754614036431,-6.271891546033354
15.770306742548673,-6.2668751390133535
15.763858450754414,-6.2618603560269515
15.757409738594792,-6.256847197936967
15.75096060601154,-6.2518356656047835
15.744511052946,-6.24682575989422
15.73806107934027,-6.241817481667051
15.731610685135925,-6.23681083178797
15.725159870275153,-6.2318058111202035
15.71870863470022,-6.2268024205275765
15.712256978353334,-6.221800660875037
15.705804901177029,-6.216800533027169
15.699352403113974,-6.21180203784894
15.692899484106933,-6.206805176205837
15.686446144098742,-6.201809948963993
15.679992383032532,-6.196816356989296
15.673538200851546,-6.191824401148095
15.667083597499184,-6.186834082307044
15.660628572918718,-6.181845401334214
15.654173127054076,-6.176858359096011
15.647717259848793,-6.171872956461292
15.641260971247098,-6.16688919429714
15.634804261192823,-6.161907073473069
15.628347129630344,-6.156926594857406
15.621889576504069,-6.151947759319273
15.615431601758521,-6.146970567728242
15.608973205338364,-6.141995020954257
15.602514387188384,-6.137021119867721
15.596055147253525,-6.132048865339317
15.589595485479002,-6.1270782582395995
15.583135401810118,-6.122109299439701
15.576674896192122,-6.117141989811887
15.57021396857083,-6.11217633022714
15.563752618891902,-6.1072123215579515
15.557290847101077,-6.102249964677444
15.550828653144407,-6.097289260458453
15.544366036968125,-6.092330209774017
15.53790299851865,-6.087372813497375
15.53143953774224,-6.0824170725033335
15.524975654585676,-6.077462987665574
15.518511348995672,-6.072510559858986
15.512046620919197,-6.067559789958365
15.505581470303225,-6.062610678839437
15.499115897095031,-6.05766322737769
15.492649901242094,-6.052717436448726
15.486183482691745,-6.047773306929688
15.479716641391942,-6.042830839696172
15.473249377290278,-6.037890035626159
15.466781690334745,-6.032950895596998
15.460313580473658,-6.028013420485715
15.453845047655252,-6.023077611170574
15.447376091827804,-6.018143468530634
15.440906712940146,-6.0132109934437175
15.434436910940903,-6.008280186789388
15.427966685778967,-6.003351049447116
15.421496037403417,-5.998423582296583
15.41502496576349,-5.993497786217785
15.40855347080852,-5.988573662091294
15.402081552488074,-5.983651210797724
15.395609210751745,-5.978730433218503
15.389136445549473,-5.973811330234676
15.382663256831167,-5.968893902728349
15.376189644546958,-5.9639781515817045
15.36971560864713,-5.959064077677281
15.36324114908221,-5.954151681897613
15.356766265802786,-5.94924096512594
15.350290958759656,-5.944331928245647
15.343815227903503,-5.939424572141521
15.33733907318566,-5.934518897696743
15.33086249455721,-5.929614905796443
15.324385491969776,-5.924712597324564
15.31790806537466,-5.919811973167316
15.31143021472355,-5.914913034210313
15.30495193996836,-5.910015781339264
15.29847324106118,-5.905120215440118
15.291994117954026,-5.900226337400099
15.285514570599593,-5.895334148104712
15.279034598949972,-5.890443648442832
15.272554202957881,-5.885554839301801
15.266073382576241,-5.880667721569138
15.259592137757954,-5.87578229613341
15.2531104684562,-5.870898563883055
15.246628374624185,-5.866016525707364
15.240145856215413,-5.861136182495446
15.233662913183547,-5.856257535136743
15.227179545482004,-5.851380584522654
15.220695753065094,-5.846505331542006
15.214211535886687,-5.841631777086357
15.207726893901178,-5.8367599220461495
15.201241827062793,-5.831889767313498
15.194756335326268,-5.827021313779451
15.188270418646196,-5.822154562336623
15.18178407697754,-5.817289513877136
15.17529731027523,-5.812426169294227
15.168810118494498,-5.807564529480929
15.16232250159082,-5.802704595330277
15.15583445951971,-5.797846367736148
15.149345992236645,-5.792989847593558
15.14285709969779,-5.788135035795768
15.136367781858914,-5.783281933238624
15.12987803867635,-5.778430540816681
15.123387870106349,-5.77358085942587
15.11689727610542,-5.76873288996204
15.110406256630217,-5.763886633321473
15.10391481163764,-5.759042090400468
15.09742294108456,-5.754199262096443
15.090930644928397,-5.749358149305606
15.084437923126124,-5.74451875292698
15.07794477563539,-5.739681073857866
15.071451202413824,-5.734845112996633
15.06495720341931,-5.7300108712416735
15.058462778609728,-5.725178349492373
15.051967927943254,-5.720347548647956
15.045472651378143,-5.7155184696083206
15.038976948873,-5.710691113272972
15.0324808203863,-5.705865480542959
15.02598426587697,-5.7010415723185295
15.019487285303862,-5.696219389501226
15.012989878626358,-5.69139893299149
15.006492045803439,-5.686580203692399
14.999993786794734,-5.681763202505423
14.993495101559803,-5.676947930333337
14.98699599005864,-5.672134388078174
14.980496452250932,-5.667322576644243
14.973996488096988,-5.662512496934361
14.967496097557104,-5.657704149852415
14.96099528059164,-5.652897536303071
14.954494037161359,-5.648092657190366
14.9479923672271,-5.6432895134190915
14.941490270749593,-5.638488105895482
14.934987747690249,-5.6336884355240615
14.92848479801019,-5.6288905032115455
14.921981421670935,-5.6240943098640885
14.915477618634297,-5.619299856387657
14.908973388861872,-5.6145071436901635
14.902468732315688,-5.609716172678792
14.895963648957979,-5.604926944260926
14.889458138751067,-5.600139459344625
14.882952201657329,-5.595353718838784
14.876445837639526,-5.590569723651757
14.869939046660445,-5.585787474692852
14.863431828683115,-5.581006972871425
14.856924183670872,-5.5762282190966275
14.850416111586732,-5.571451214279966
14.843907612394332,-5.56667595933146
14.837398686057549,-5.561902455161203
14.830889332540044,-5.557130702681214
14.824379551805771,-5.552360702803384
14.817869343819204,-5.547592456438509
14.811358708544454,-5.542825964499941
14.804847645946255,-5.538061227899525
14.798336155989281,-5.533298247550417
14.79182423863836,-5.5285370243662
14.785311893858553,-5.523777559260581
14.778799121615183,-5.51901985314723
14.77228592187354,-5.51426390694102
14.765772294599346,-5.509509721556104
14.759258239758134,-5.504757297908499
14.75274375731605,-5.500006636912765
14.746228847239086,-5.495257739485153
14.73971350949361,-5.490510606541446
14.733197744046004,-5.485765238998438
14.72668155086277,-5.481021637773493
14.72016492991101,-5.476279803782581
14.713647881157351,-5.471539737944729
14.707130404569256,-5.466801441176558
14.700612500113834,-5.462064914397219
14.694094167758632,-5.457330158525191
14.687575407471334,-5.452597174479402
14.681056219219768,-5.447865963179314
14.67453660297213,-5.443136525543918
14.66801655869629,-5.438408862494668
14.66149608636087,-5.433682974950963
14.654975185934445,-5.428958863833499
14.648453857385443,-5.424236530064663
14.641932100683213,-5.419515974564111
14.635409915796489,-5.414797198255162
14.628887302694666,-5.4100802020594685
14.622364261347212,-5.405364986899462
14.615840791723697,-5.400651553698266
14.609316893793725,-5.395939903379951
14.60279256752769,-5.391230036866405
14.596267812895341,-5.38652195508329
14.589742629867226,-5.381815658954055
14.58321701841364,-5.3771111494043
14.576690978505635,-5.372408427357551
14.570164510113672,-5.367707493740939
14.563637613209048,-5.3630083494792045
14.557110287762846,-5.358310995499078
14.550582533746574,-5.353615432726634
14.544054351131715,-5.348921662089157
14.537525739889977,-5.3442296845140955
14.530996699993443,-5.3395395009284705
14.524467231414118,-5.3348511122607185
14.51793733412444,-5.330164519438581
14.511407008096686,-5.325479723391596
14.504876253303687,-5.320796725048115
14.498345069718063,-5.316115525338472
14.491813457313176,-5.311436125191008
14.485281416061946,-5.306758525537066
14.478748945937705,-5.302082727307375
14.472216046914323,-5.29740873143152
14.465682718965256,-5.292736538841951
14.459148962064539,-5.288066150469841
14.452614776186236,-5.283397567247331
14.44608016130474,-5.278730790106346
14.439545117394372,-5.274065819980223
14.433009644429957,-5.269402657801317
14.426473742386133,-5.264741304503902
14.419937411238186,-5.260081761020676
14.413400650961096,-5.255424028286746
14.406863461530236,-5.25076810723671
14.40032584292123,-5.246113998805252
14.393787795109937,-5.241461703927203
14.38724931807219,-5.236811223538631
14.380710411784037,-5.232162558575866
14.374171076221819,-5.227515709975142
14.367631311362205,-5.222870678672428
14.361091117181688,-5.218227465605621
14.354550493657065,-5.213586071712468
14.348009440765592,-5.20894649792993
14.341467958484241,-5.204308745197319
14.334926046790747,-5.199672814451857
14.3283837056622,-5.195038706634688
14.321840935076898,-5.190406422682957
14.315297735012523,-5.18577596353761
14.30875410544739,-5.181147330138048
14.302210046359752,-5.17652052342511
14.295665557727991,-5.1718955443402495
14.289120639531056,-5.1672723938236595
14.282575291747696,-5.162651072817568
14.27602951435694,-5.158031582264172
14.269483307338318,-5.153413923104718
14.262936670671097,-5.148798096282717
14.256389604334833,-5.144184102741639
14.249842108309483,-5.139571943424429
14.243294182575156,-5.134961619274547
14.236745827111864,-5.130353131237028
14.230197041900112,-5.125746480256014
14.223647826920468,-5.121141667276543
14.217098182153665,-5.116538693244111
14.210548107580673,-5.111937559104421
14.203997603182575,-5.107338265803844
14.197446668940911,-5.102740814288006
14.190895304837,-5.09814520550466
14.184343510852601,-5.093551440400846
14.177791286969628,-5.08895951992415
14.171238633170171,-5.0843694450226
14.164685549436516,-5.0797812166445615
14.158132035751168,-5.0751948357386665
14.151578092096674,-5.070610303254547
14.145023718456008,-5.066027620141228
14.13846891481214,-5.061446787348924
14.131913681148328,-5.056867805827837
14.125358017447843,-5.052290676529286
14.118801923694575,-5.047715400403164
14.112245399872137,-5.043141978401735
14.105688445964487,-5.038570411477002
14.099131061955998,-5.034000700580384
14.0925732478309,-5.029432846665124
14.086015003573756,-5.02486685068426
14.07945632916926,-5.020302713591454
14.072897224602478,-5.015740436339974
14.066337689858461,-5.011180019884393
14.059777724922704,-5.006621465178578
14.053217329780626,-5.002064773177927
14.046656504417879,-4.997509944838079
14.040095248820426,-4.992956981114524
14.033533562974357,-4.988405882963457
14.026971446866,-4.98385665134124
14.020408900481863,-4.979309287204704
14.013845923808473,-4.974763791511809
14.007282516832872,-4.970220165219532
14.000718679542,-4.965678409286507
13.994154411923285,-4.961138524670503
13.987589713964029,-4.956600512331044
13.981024585651944,-4.952064373227149
13.97445902697482,-4.947530108318712
13.967893037920717,-4.942997718565698
13.96132661847793,-4.9384672049282905
13.95475976863475,-4.933938568367938
13.94819248837993,-4.9294118098453215
13.941624777702227,-4.924886930322362
13.935056636590739,-4.920363930760726
13.928488065034436,-4.915842812123891
13.921919063022795,-4.911323575374399
13.915349630545588,-4.906806221474728
13.908779767592579,-4.902290751388661
13.902209474153484,-4.897777166081446
13.895638750218783,-4.893265466516246
13.889067595778759,-4.888755653658365
13.882496010823859,-4.88424772847363
13.875923995345007,-4.8797416919270535
13.869351549333159,-4.875237544984769
13.86277867277942,-4.870735288613529
13.856205365675184,-4.866234923780094
13.849631628011963,-4.86173645145196
13.843057459781626,-4.857239872596354
13.836482860975947,-4.852745188182173
13.82990783158721,-4.848252399177355
13.823332371607705,-4.843761506551102
13.816756481029948,-4.839272511272886
13.810180159846835,-4.834785414311797
13.80360340805114,-4.8303002166387365
13.797026225636033,-4.8258169192241684
13.790448612594885,-4.821335523038937
13.783870568921307,-4.816856029054109
13.777292094608814,-4.812378438242497
13.770713189651483,-4.807902751575707
13.764133854043495,-4.803428970026175
13.757554087779118,-4.798957094567254
13.750973890852856,-4.79448712617254
13.744393263259461,-4.790019065815867
13.737812204993828,-4.78555291447169
13.731230716051105,-4.781088673114686
13.72464879642671,-4.776626342719616
13.718066446116044,-4.772165924262636
13.711483665114898,-4.767707418719481
13.704900453419093,-4.7632508270670435
13.69831681102479,-4.7587961502820555
13.691732737928637,-4.754343389340364
13.68514823412668,-4.749892545221824
13.678563299615858,-4.745443618903653
13.671977934393146,-4.740996611364188
13.665392138455658,-4.736551523582503
13.658805911800592,-4.732108356538613
13.652219254425711,-4.727667111211326
13.645632166328598,-4.72322778858161
13.639044647507166,-4.718790389630255
13.632456697959565,-4.714354915338351
13.625868317684217,-4.709921366687089
13.619279506679693,-4.7054897446583475
13.612690264944536,-4.701060050235448
13.606100592477882,-4.696632284400413
13.599510489278787,-4.692206448136953
13.592919955346542,-4.687782542429071
13.586328990680903,-4.683360568260039
13.579737595281378,-4.678940526615577
13.573145769148121,-4.674522418479866
13.56655351228132,-4.670106244838266
13.559960824681136,-4.665692006677643
13.553367706348135,-4.6612797049843655
13.546774157283352,-4.656869340744071
13.540180177487523,-4.652460914945096
13.53358576696199,-4.648054428574391
13.526990925707972,-4.643649882620849
13.520395653727169,-4.63924727807255
13.513799951021271,-4.634846615918989
13.507203817592412,-4.630447897149013
13.500607253442633,-4.626051122753285
13.494010258574502,-4.621656293721441
13.487412832990476,-4.617263411044986
13.480814976693486,-4.612872475714672
13.474216689686424,-4.608483488722818
13.467617971972723,-4.604096451060651
13.461018823555477,-4.599711363722326
13.454419244438675,-4.595328227699335
13.44781923462581,-4.590947043986801
13.441218794121273,-4.586567813577148
13.434617922929116,-4.582190537465753
13.428016621053754,-4.577815216647721
13.4214148884999,-4.573441852118204
13.414812725272439,-4.569070444872969
13.408210131376467,-4.564700995908229
13.401607106817158,-4.560333506221239
13.395003651600174,-4.555967976808424
13.388399765730995,-4.551604408668464
13.381795449215579,-4.547242802799252
13.375190702060177,-4.542883160198769
13.368585524270971,-4.538525481866712
13.361979915854494,-4.534169768802585
13.355373876817387,-4.529816022006828
13.348767407166784,-4.525464242479038
13.342160506909636,-4.521114431221078
13.335553176053354,-4.516766589234123
13.328945414605421,-4.512420717520442
13.322337222573758,-4.508076817081727
13.315728599966294,-4.503734888921061
13.309119546791017,-4.499394934042691
13.302510063056554,-4.495056953449362
13.295900148771393,-4.490720948145896
13.289289803944275,-4.486386919137396
13.282679028584276,-4.482054867428854
13.276067822700655,-4.47772479402586
13.26945618630279,-4.473396699934927
13.262844119400093,-4.469070586163837
13.256231622002863,-4.464746453717735
13.249618694120775,-4.460424303606104
13.243005335764234,-4.456104136836509
13.23639154694372,-4.451785954417634
13.229777327669865,-4.447469757358897
13.223162677953711,-4.443155546669307
13.216547597806075,-4.4388433233603655
13.209932087238371,-4.434533088442272
13.203316146262347,-4.4302248429251625
13.196699774889419,-4.425918587822185
13.190082973131528,-4.4216143241455015
13.183465741001038,-4.4173120529067935
13.176848078510158,-4.413011775119973
13.170229985671474,-4.408713491798641
13.163611462497855,-4.4044172039565845
13.156992509002126,-4.400122912609276
13.150373125197557,-4.395830618771617
13.143753311097583,-4.391540323459199
13.137133066715782,-4.38725202768849
13.130512392065983,-4.382965732476223
13.123891287162204,-4.378681438839792
13.117269752018732,-4.3743991477968205
13.110647786650045,-4.370118860365537
13.104025391070794,-4.365840577564882
13.097402565295846,-4.361564300414278
13.090779309340208,-4.357290029934004
13.084155623219393,-4.353017767143469
13.077531506948741,-4.348747513064461
13.070906960544104,-4.344479268717812
13.064281984021266,-4.340213035126252
13.057656577396504,-4.335948813311687
13.051030740686,-4.331686604297995
13.044404473906651,-4.327426409107236
13.037777777074966,-4.323168228764816
13.031150650208055,-4.318912064294857
13.024523093323154,-4.314657916722401
13.017895106437598,-4.310405787073568
13.011266689569055,-4.306155676374474
13.004637842735429,-4.301907585651633
12.998008565954725,-4.297661515932635
12.9913788592451,-4.293417468245915
12.984748722625342,-4.289175443618462
12.978118156113863,-4.284935443080608
12.971487159729714,-4.2806974676611995
12.964855733492005,-4.27646151839038
12.958223877420027,-4.272227596299001
12.951591591533317,-4.267995702418294
12.94495887585175,-4.263765837779456
12.938325730395137,-4.259538003415579
12.931692155183901,-4.2553122003583965
12.925058150238193,-4.251088429642521
12.918423715578777,-4.246866692301218
12.911788851226389,-4.242646989369486
12.905153557202144,-4.2384293218820766
12.898517833527357,-4.234213690874412
12.891881680223413,-4.230000097383124
12.88524509731194,-4.225788542445312
12.878608084815015,-4.2215790270975075
12.87197064275451,-4.217371552378825
12.865332771152966,-4.213166119326787
12.85869447003299,-4.208962728980187
12.85205573941692,-4.204761382380723
12.845416579328182,-4.200562080566499
12.838776989789764,-4.196364824579319
12.83213697082518,-4.1921696154600925
12.825496522457756,-4.187976454252204
12.818855644711498,-4.183785341997459
12.812214337610623,-4.179596279738225
12.805572601179202,-4.17540926851921
12.798930435441656,-4.171224309385069
12.79228784042283,-4.1670414033800665
12.785644816147506,-4.162860551550373
12.779001362640933,-4.158681754941571
12.772357479928283,-4.154505014601228
12.765713168035228,-4.150330331576169
12.759068426987357,-4.1461577069152575
12.752423256810895,-4.141987141665928
12.745777657531944,-4.137818636877875
12.739131629176791,-4.133652193601547
12.732485171772291,-4.1294878128862935
12.725838285345024,-4.125325495784472
12.719190969922227,-4.1211652433469075
12.712543225531066,-4.117007056626451
12.705895052199217,-4.112850936675141
12.699246449954153,-4.108696884547673
12.692597418823928,-4.104544901297603
12.685947958836723,-4.100394987979549
12.679298070020716,-4.096247145649828
12.672647752404568,-4.0921013753640825
12.665997006017086,-4.087957678178948
12.659345830887261,-4.0838160551518605
12.652694227044314,-4.079676507340799
12.646042194517651,-4.0755390358045736
12.639389733336968,-4.071403641602254
12.632736843532065,-4.067270325794131
12.626083525133032,-4.063139089440765
12.619429778170309,-4.059009933602742
12.612775602674153,-4.054882859343223
12.606120998675555,-4.050757867723535
12.599465966205235,-4.046634959808021
12.592810505294581,-4.042514136659484
12.586154615974783,-4.038395399343434
12.579498298277585,-4.0342787489243905
12.572841552234651,-4.03016418646898
12.566184377878258,-4.026051713042599
12.5595267752404,-4.0219413297137185
12.552868744353589,-4.017833037550062
12.546210285250616,-4.013726837619687
12.539551397964383,-4.009622730991887
12.532892082527939,-4.005520718736949
12.526232338974557,-4.001420801925846
12.519572167337964,-3.9973229816290523
12.512911567651798,-3.993227258919269
12.506250539950114,-3.9891336348688706
12.499589084267038,-3.98504211055169
12.492927200637006,-3.980952687041762
12.486264889094711,-3.976865365413663
12.47960214967498,-3.972780146743092
12.47293898241296,-3.968697032105912
12.466275387343856,-3.964616022579513
12.459611364503223,-3.9605371192413386
12.452946913926596,-3.956460323170719
12.446282035650151,-3.9523856354456144
12.439616729710101,-3.9483130571455924
12.432950996142745,-3.944242589351613
12.426284834984445,-3.9401742331461147
12.419618246272323,-3.936107989609585
12.412951230043271,-3.932043859825461
12.40628378633465,-3.9279818448766854
12.399615915183754,-3.9239219458483223
12.392947616628392,-3.919864163824735
12.386278890706516,-3.915808499891395
12.379609737456123,-3.9117549551353563
12.372940156915561,-3.9077035306437944
12.366270149123517,-3.9036542275040276
12.359599714118543,-3.899607046805879
12.352928851939922,-3.895561989637393
12.346257562626617,-3.8915190570900284
12.33958584621811,-3.8874782502545395
12.332913702754228,-3.883439570221806
12.326241132274616,-3.879403018085478
12.319568134819518,-3.875368594938074
12.312894710429156,-3.871336301874089
12.306220859143988,-3.867306139988721
12.299546581004906,-3.8632781103768568
12.292871876052734,-3.859252214135624
12.286196744328702,-3.8552284523619997
12.279521185874241,-3.85120682615382
12.272845200730897,-3.8471873366102605
12.266168788940504,-3.8431699848309298
12.259491950545204,-3.8391547719158132
12.252814685587161,-3.8351416989666576
12.246136994108886,-3.8311307670854062
12.239458876153147,-3.827121977374603
12.232780331762722,-3.8231153309386685
12.226101360980904,-3.819110828881343
12.219421963850987,-3.8151084723082898
12.212742140416545,-3.8111082623257007
12.206061890721294,-3.8071102000409653
12.199381214809405,-3.803114286561125
12.192700112725069,-3.799120522995065
12.18601858451256,-3.795128910453193
12.179336630216861,-3.7911394500442857
12.172654249882587,-3.787152142880934
12.165971443554948,-3.7831669900746836
12.159288211279351,-3.779183992738021
12.152604553101206,-3.775203151985419
12.14592046906627,-3.77122446893154
12.139235959220628,-3.767247944691367
12.132551023610402,-3.7632735803816835
12.125865662282063,-3.759301377119467
12.119179875282164,-3.755331336023294
12.112493662657707,-3.7513634582114195
12.105807024455531,-3.7473977448049625
12.099119960723183,-3.7434341969234266
12.092432471507895,-3.739472815689915
12.08574455685772,-3.735513602225357
12.079056216820327,-3.7315565576547107
12.072367451443995,-3.72760168310177
12.06567826077711,-3.7236489796918573
12.05898864486827,-3.7196984485512408
12.05229860376626,-3.715750090807243
12.045608137520118,-3.711803907587945
12.03891724617911,-3.7078599000223074
12.03222592979284,-3.7039180692396294
12.025534188410834,-3.6999784163716365
12.018842022083046,-3.6960409425499474
12.01214943085957,-3.6921056489075075
12.005456414790777,-3.6881725365778903
11.998762973927303,-3.6842416066954407
11.992069108319845,-3.6803128603962296
11.985374818019507,-3.6763862988163263
11.978680103077386,-3.6724619230939295
11.971984963544944,-3.6685397343674464
11.965289399473932,-3.6646197337759157
11.958593410916121,-3.660701922460359
11.951896997923704,-3.656786301561735
11.945200160548888,-3.652872872223059
11.938502898844302,-3.6489616355872627
11.931805212862638,-3.6450525927990896
11.925107102656881,-3.641145745003922
11.918408568280135,-3.6372410933486283
11.911709609785923,-3.6333386389800784
11.905010227227738,-3.629438383047422
11.89831042065958,-3.6255403266993476
11.89161019013544,-3.621644471086746
11.884909535709541,-3.6177508173614603
11.878208457436353,-3.613859366676246
11.871506955370721,-3.609970120184034
11.864805029567425,-3.60608307904034
11.858102680081798,-3.6021982443999234
11.851399906968952,-3.5983156174209183
11.844696710284689,-3.594435199260067
11.837993090084675,-3.5905569910770154
11.831289046424976,-3.586680994031526
11.82458457936186,-3.5828072092845273
11.817879688951724,-3.5789356379984896
11.811174375251277,-3.5750662813364835
11.804468638317418,-3.5711991404628223
11.797762478207147,-3.5673342165435087
11.791055894977918,-3.563471510744434
11.784348888687253,-3.5596110242333783
11.777641459392818,-3.5557527581795907
11.770933607152791,-3.5518967137519577
11.764225332025129,-3.5480428921227367
11.757516634068303,-3.544191294463794
11.75080751334097,-3.5403419219482735
11.744097969902068,-3.5364947757501315
11.737388003810517,-3.5326498570457514
11.730677615125703,-3.528807167011299
11.723966803907045,-3.524966706825113
11.717255570214345,-3.521128477665801
11.710543914107438,-3.517292480714117
11.70383183564662,-3.513458717150738
11.697119334892001,-3.5096271881596084
11.690406411904393,-3.505797894923321
11.683693066744588,-3.501970838626912
11.676979299473457,-3.4981460204573542
11.670265110152368,-3.494323441601351
11.663550498842715,-3.4905031032478027
11.656835465606129,-3.486685006586764
11.650120010504603,-3.482869152808703
11.643404133600093,-3.479055543106692
11.63668783495502,-3.4752441786737336
11.629971114631944,-3.4714350607044557
11.623253972693574,-3.4676281903951147
11.616536409202883,-3.463823568942964
11.609818424223084,-3.4600211975464346
11.603100017817395,-3.4562210774062905
11.596381190049755,-3.4524232097219385
11.589661940983754,-3.4486275956970545
11.582942270683503,-3.4448342365349927
11.576222179213271,-3.441043133440724
11.56950166663764,-3.437254287619964
11.562780733021123,-3.433467700281314
11.556059378428776,-3.429683372632929
11.549337602925721,-3.425901305885069
11.54261540657722,-3.42212150124977
11.535892789448917,-3.4183439599394743
11.5291697516065,-3.4145686831689575
11.522446293116094,-3.4107956721530845
11.515722414043921,-3.407024928108768
11.508998114456201,-3.4032564522554543
11.5022733944198,-3.399490245811619
11.495548254001433,-3.39572630999914
11.488822693268277,-3.391964646039905
11.48209671228759,-3.388205255157982
11.475370311126776,-3.3844481385791556
11.468643489853667,-3.3806932975295303
11.46191624853626,-3.3769407332368653
11.455188587242576,-3.373190446931401
11.448460506040991,-3.369442439844055
11.441732005000139,-3.3656967132069426
11.435003084188844,-3.361953268253769
11.428273743676112,-3.358212106219906
11.421543983531066,-3.3544732283426604
11.414813803823309,-3.3507366358594504
11.408083204622374,-3.3470023300106826
11.401352185998112,-3.3432703120376694
11.394620748020726,-3.3395405831825378
11.387888890760504,-3.3358131446895745
11.381156614287928,-3.332087997804718
11.374423918673717,-3.3283651437753194
11.367690803988824,-3.324644583850119
11.360957270304453,-3.3209263192792386
11.35422331769192,-3.317210351314862
11.347488946222926,-3.313496681209859
11.340754155969083,-3.3097853102202714
11.334018947002518,-3.3060762396021057
11.327283319395546,-3.3023694706130615
11.320547273220544,-3.2986650045132953
11.313810808550201,-3.2949628425640167
11.30707392545738,-3.2912629860282463
11.300336624015122,-3.287565436170873
11.293598904296799,-3.2838701942577257
11.286860766375893,-3.280177261556839
11.280122210326125,-3.2764866393377923
11.273383236221589,-3.2727983288709104
11.266643844136278,-3.2691123314299473
11.259904034144602,-3.2654286482891712
11.253163806321187,-3.2617472807245753
11.246423160740829,-3.25806823001404
11.239682097478495,-3.25439149743741
11.232940616609605,-3.2507170842748914
11.2261987182094,-3.247044991810639
11.21945640235354,-3.2433752213293525
11.212713669118072,-3.239707774116521
11.205970518578876,-3.2360426514615135
11.199226950812376,-3.23237985465362
11.192482965895014,-3.2287193849849616
11.185738563903582,-3.22506124374873
11.17899374491509,-3.221405432239843
11.172248509006518,-3.2177519517564
11.16550285625538,-3.2141008035965024
11.158756786739087,-3.210451989061876
11.152010300535606,-3.206805509454128
11.145263397722891,-3.2031613660779934
11.138516078379103,-3.1995195602401103
11.131768342582744,-3.1958800932482396
11.125020190412457,-3.192242966412425
11.118271621947018,-3.188608181045081
11.111522637265573,-3.1849757384596193
11.104773236447365,-3.181345639972004
11.098023419571959,-3.177717886899514
11.09127318671906,-3.174092480561778
11.084522537968525,-3.1704694222807164
11.07777147340045,-3.166848713380048
11.071019993095309,-3.1632303551845244
11.06426809713363,-3.159614349021788
11.05751578559615,-3.1560006962214744
11.050763058563847,-3.1523893981151048
11.044009916118021,-3.148780456035527
11.037256358339924,-3.1451738713191673
11.0305023853113,-3.141569645302865
11.023747997113947,-3.137967779326407
11.016993193829899,-3.134368274731551
11.010237975541507,-3.1307711328614762
11.003482342331138,-3.12717635506264
10.99672629428162,-3.12358394268213
10.98996983147565,-3.1199938970711467
10.983212953996478,-3.116406219581052
10.976455661927382,-3.1128209115664056
10.969697955351972,-3.109237974383246
10.962939834353934,-3.1056574093905565
10.956181299017231,-3.102079217949133
10.94942234942606,-3.0985034014218447
10.942662985664885,-3.0949299611734262
10.935903207818155,-3.091358898572176
10.929143015970702,-3.0877902149876206
10.922382410207636,-3.0842239117911894
10.915621390614264,-3.080659990356631
10.908859957275851,-3.0770984520614624
10.902098110278157,-3.0735392982838285
10.895335849707118,-3.0699825304044266
10.88857317564874,-3.0664281498070802
10.881810088189317,-3.0628761578774863
10.875046587415424,-3.0593265560033296
10.868282673413741,-3.0557793455752873
10.86151834627125,-3.052234527985848
10.85475360607502,-3.048692104630673
10.847988452912562,-3.0451520769064553
10.841222886871297,-3.041614446214106
10.834456908039126,-3.038079213955396
10.827690516504141,-3.0345463815346796
10.82092371235424,-3.0310159503611764
10.81415649567817,-3.0274879218428468
10.807388866564427,-3.0239622973928624
10.800620825101964,-3.0204390784255204
10.793852371379671,-3.0169182663592333
10.787083505486992,-3.0133998626129554
10.780314227513417,-3.0098838686092306
10.773544537548633,-3.0063702857732344
10.766774435682555,-3.002859115532662
10.760003922005314,-2.9993503593178406
10.753232996607286,-2.9958440185615047
10.746461659578982,-2.992340094699522
10.739689911011261,-2.988838589169636
10.732917750995071,-2.985339503412983
10.72614517962157,-2.9818428388734497
10.719372196982299,-2.9783485969966206
10.712598803168806,-2.9748567792320677
10.705824998273018,-2.971367387031112
10.6990507823869,-2.9678804218488954
10.69227615560277,-2.9643958851425407
10.68550111801322,-2.960913778371616
10.678725669710817,-2.9574341029999363
10.671949810788583,-2.953956860492738
10.665173541339563,-2.95048205231926
10.658396861457275,-2.9470096799500953
10.651619771235092,-2.9435397448608724
10.644842270766947,-2.940072248528102
10.63806436014677,-2.9366071924325237
10.6312860394688,-2.9331445780572816
10.624507308827464,-2.9296844068886525
10.617728168317493,-2.926226680415434
10.610948618033637,-2.922771400130574
10.60416865807101,-2.919318567529187
10.597388288525028,-2.915868184108954
10.590607509491058,-2.9124202513722146
10.583826321064892,-2.908974770823152
10.577044723342546,-2.9055317439690733
10.57026271642002,-2.9020911723217764
10.563480300393977,-2.89865305739359
10.556697475360775,-2.8952174007031375
10.549914241417397,-2.8917842037698422
10.543130598660774,-2.8883534681179333
10.536346547188296,-2.884925195273499
10.52956208709736,-2.8814993867671532
10.522777218485691,-2.878076044132142
10.515991941451237,-2.8746551689050253
10.509206256092098,-2.871236762626087
10.502420162506752,-2.867820826838049
10.495633660793592,-2.8644073630888784
10.488846751051595,-2.860996372927723
10.482059433379765,-2.857587857908329
10.475271707877258,-2.8541818195883897
10.468483574643573,-2.8507782595282842
10.461695033778703,-2.8473771792902456
10.454906085382131,-2.8439785804445283
10.448116729554165,-2.840582464561272
10.441326966395243,-2.8371888332147286
10.43453679600601,-2.833797687982894
10.427746218487083,-2.8304090304489153
10.420955233939623,-2.8270228621976523
10.414163842464909,-2.8236391848182962
10.407372044164367,-2.8202579999042583
10.400579839139798,-2.8168793090516853
10.393787227493116,-2.813503113861274
10.386994209326495,-2.810129415937249
10.38020078474236,-2.8067582168875265
10.37340695384336,-2.80338951832389
10.366612716732243,-2.8000233218627906
10.359818073512175,-2.796659629123353
10.35302302428647,-2.7932984417292066
10.346227569158795,-2.78993976130714
10.339431708232778,-2.7865835894895854
10.332635441612483,-2.7832299279117363
10.32583876940209,-2.7798787782135075
10.319041691706222,-2.7765301420376134
10.312244208629531,-2.7731840210320917
10.305446320276898,-2.7698404168491897
10.298648026753607,-2.766499331144203
10.291849328165107,-2.7631607655770862
10.285050224616903,-2.7598247218131493
10.278250716214979,-2.756491201520362
10.27145080306547,-2.753160206371596
10.26465048527476,-2.7498317380439237
10.257849762949416,-2.746505798219133
10.251048636196327,-2.743182388582824
10.24424710512255,-2.7398615108254885
10.237445169835446,-2.7365431666416846
10.230642830442475,-2.733227357731289
10.223840087051757,-2.729914085796092
10.21703693977105,-2.7266033525462516
10.210233388708803,-2.72329515969366
10.203429433973534,-2.7199895089558987
10.19662507567411,-2.7166864020546386
10.189820313919537,-2.713385840716808
10.183015148819065,-2.7100878266741497
10.176209580482332,-2.706792361662227
10.169403609019062,-2.7034994474224843
10.162597234539412,-2.7002090856999788
10.15579045715367,-2.6969212782454126
10.148983276972285,-2.693636026814997
10.142175694106161,-2.6903533331685425
10.135367708666358,-2.687073199071527
10.128559320764312,-2.683795626293643
10.121750530511468,-2.680520616611236
10.114941338019799,-2.67724817180397
10.108131743401334,-2.6739782936580285
10.101321746768502,-2.670710983963795
10.094511348233933,-2.667446244517288
10.087700547910485,-2.664184077120009
10.080889345911467,-2.660924483577549
10.07407774235022,-2.6576674657023167
10.067265737340529,-2.6544130253110025
10.0604533309963,-2.651161164226629
10.053640523431836,-2.64791188427687
10.04682731476165,-2.644665187295316
10.04001370510065,-2.64142107512034
10.033199694563827,-2.638179549597053
10.02638528326662,-2.634940612575202
10.019570471324641,-2.631704265910816
10.012755258853753,-2.628470511465873
10.005939645970303,-2.62523935110683
9.99912363279074,-2.6220107867070777
9.992307219431844,-2.6187848201456108
9.98549040601072,-2.6155614533070946
9.978673192644713,-2.6123406880824325
9.9718555794516,-2.609122526367669
9.965037566549215,-2.605906970066353
9.95821915405593,-2.6026940210866303
9.95140034209019,-2.599483681344237
9.944581130770954,-2.596275952759698
9.937761520217308,-2.5930708372609144
9.93094151054887,-2.589868336780621
9.924121101885314,-2.586668453259531
9.917300294346802,-2.58347118864358
9.91047908805373,-2.5802765448856957
9.903657483126766,-2.5770845239454943
9.896835479687027,-2.5738951277884063
9.890013077855873,-2.57070835838686
9.883190277754968,-2.567524217720102
9.87636707950635,-2.5643427077738155
9.869543483232379,-2.5611638305404583
9.862719489055719,-2.557987588019447
9.855895097099381,-2.5548139822170737
9.849070307486684,-2.551643015146724
9.84224512034143,-2.5484746888278123
9.835419535787516,-2.5453090052884497
9.828593553949494,-2.542145966561858
9.821767174951871,-2.53898557469098
9.814940398919918,-2.535827831723351
9.808113225979012,-2.532672739715369
9.801285656254972,-2.5295203007302827
9.794457689873903,-2.526370516839254
9.787629326962405,-2.523223390120093
9.780800567647294,-2.5200789226591667
9.773971412056,-2.5169371165488306
9.767141860316007,-2.5137979738913194
9.76031191255538,-2.510661496795197
9.753481568902652,-2.5075276873763817
9.746650829486496,-2.50439654776026
9.739819694436173,-2.501268080078869
9.732988163881274,-2.4981422864727594
9.726156237951761,-2.4950191690906744
9.719323916778013,-2.4918987300895705
9.712491200490929,-2.4887809716337554
9.705658089221682,-2.485665895896874
9.698824583101922,-2.482553505060521
9.691990682263745,-2.4794438013146163
9.685156386839603,-2.476336786858061
9.678321696962417,-2.4732324638981265
9.671486612765584,-2.470130834650552
9.664651134382957,-2.4670319013396647
9.65781526194876,-2.4639356661992142
9.650978995597633,-2.460842131472078
9.644142335464846,-2.4577512994090545
9.637305281686045,-2.454663172270555
9.630467834397274,-2.4515777523266036
9.623629993735099,-2.4484950418562543
9.616791759836657,-2.445415043147247
9.609953132839513,-2.442337758497125
9.603114112881594,-2.439263190213872
9.596274700101628,-2.436191340612983
9.589434894638531,-2.433122212021831
9.582594696631949,-2.4300558067760507
9.575754106221936,-2.426992127221957
9.568913123549063,-2.4239311757158544
9.56207174875458,-2.42087295462309
9.555229981980174,-2.4178174663198777
9.54838782336808,-2.4147647131926875
9.54154527306103,-2.4117146976387036
9.534702331202435,-2.4086674220647954
9.527858997936265,-2.4056228888884004
9.521015273407063,-2.402581100537662
9.514171157759804,-2.399542059452496
9.507326651140287,-2.3965057680821555
9.500481753694785,-2.3934722288876094
9.493636465570246,-2.390441444340633
9.486790786914254,-2.387413416923874
9.479944717874902,-2.3843881491322167
9.473098258601013,-2.381365643471224
9.466251409242133,-2.378345902457497
9.459404169948298,-2.3753289286203754
9.452556540870386,-2.372314724499711
9.445708522159846,-2.36930329264796
9.438860113968822,-2.3662946356295227
9.432011316450327,-2.3632887560195925
9.425162129757705,-2.3602856564083217
9.418312554045464,-2.3572853393949686
9.411462589468604,-2.354287807593046
9.404612236182901,-2.351293063628322
9.397761494344957,-2.3483011101387636
9.390910364112038,-2.3453119497759656
9.384058845642258,-2.342325585203924
9.377206939094561,-2.339342019099528
9.370354644628627,-2.336361254153332
9.363501962405122,-2.3333832930680716
9.356648892585195,-2.3304081385625586
9.349795435331268,-2.3274357933660075
9.342941590806337,-2.3244662602236703
9.336087359174421,-2.321499541893597
9.329232740600405,-2.3185356411479647
9.32237773525002,-2.3155745607737606
9.31552234328996,-2.3126163035719194
9.308666564887911,-2.309660872357556
9.30181040021254,-2.3067082699602577
9.294953849433272,-2.303758499225949
9.288096912720855,-2.300811563013458
9.28123959024675,-2.297867464197849
9.274381882183619,-2.294926205669247
9.26752378870511,-2.2919877903332546
9.26066530998596,-2.2890522211109796
9.253806446201976,-2.28611950093934
9.246947197530076,-2.283189632771182
9.240087564148302,-2.2802626195754874
9.233227546235844,-2.277338464337486
9.226367143973055,-2.2744171700589004
9.219506357541487,-2.271498739758075
9.21264518712389,-2.2685831764702384
9.205783632904259,-2.265670483247595
9.198921695067845,-2.262760663159577
9.19205937380118,-2.259853719292994
9.185196669292102,-2.2569496547523076
9.178333581729781,-2.254048472659714
9.171470111304748,-2.251150176155442
9.164606258208915,-2.2482547683979024
9.157742022635604,-2.2453622525639427
9.15087740477958,-2.242472631849014
9.144012404837076,-2.2395859094673845
9.137147023005813,-2.2367020886524345
9.130281259485052,-2.233821172656729
9.123415114475605,-2.2309431647523823
9.11654858817987,-2.2280680682312437
9.10968168080187,-2.22519588640508
9.102814392547279,-2.222326622605888
9.095946723623463,-2.2194602801860555
9.089078674239511,-2.2165968625186543
9.082210244606264,-2.2137363729977046
9.075341434936366,-2.210878815038337
9.068472245444289,-2.2080241920771377
9.061602676346377,-2.205172507572379
9.054732727860884,-2.2023237650042535
9.047862400208015,-2.199477967875209
9.04099169360997,-2.196635119710095
9.03412060829098,-2.1937952240565934
9.027249144477357,-2.1909582844853883
9.02037730239754,-2.188124304590488
9.013505082282132,-2.185293287989511
9.006632484363955,-2.182465238323989
8.9997595088781,-2.1796401592596535
8.992886156061969,-2.176818054486767
8.986012426155336,-2.1739989277203673
8.979138319400386,-2.1711827827006918
8.972263836041787,-2.1683696231933705
8.965388976326729,-2.16555945298986
8.958513740504989,-2.1627522759077102
8.951638128828991,-2.1599480957909316
8.944762141553861,-2.157146916510329
8.937885778937492,-2.1543487419638483
8.931009041240603,-2.151553576076952
8.924131928726815,-2.1487614228029353
8.917254441662703,-2.1459722861233748
8.910376580317878,-2.1431861700483923
8.903498344965051,-2.140403078617162
8.896619735880105,-2.1376230158982006
8.889740753342174,-2.134845985989794
8.882861397633718,-2.1320719930204466
8.875981669040605,-2.1293010411491937
8.869101567852184,-2.1265331345661407
8.862221094361379,-2.12376827749279
8.855340248864769,-2.121006474182527
8.84845903166268,-2.1182477289210304
8.841577443059267,-2.1154920460267945
8.834695483362628,-2.112739429851466
8.827813152884882,-2.109989884780411
8.820930451942274,-2.10724341523319
8.814047380855278,-2.1045000256639996
8.807163939948705,-2.101759720562176
8.800280129551808,-2.099022504452713
8.793395949998393,-2.0962883818968248
8.786511401626942,-2.093557357492347
8.77962648478072,-2.090829435874428
8.77274119980791,-2.0881046217159485
8.765855547061726,-2.0853829197281675
8.758969526900557,-2.082664334661212
8.752083139688086,-2.0799488713047536
8.74519638579344,-2.0772365344885215
8.738309265591328,-2.0745273290829362
8.731421779462186,-2.071821259999742
8.724533927792333,-2.069118332192621
8.717645710974118,-2.066418550657847
8.710757129406097,-2.0637219204349107
8.703868183493187,-2.0610284466072413
8.696978873646831,-2.058338134302896
8.690089200285195,-2.055650988695202
8.68319916383334,-2.052967015003494
8.676308764723409,-2.050286218493877
8.669418003394819,-2.047608604479975
8.662526880294475,-2.044934178323658
8.655635395876969,-2.0422629454358274
8.648743550604792,-2.039594911277244
8.641851344948561,-2.036930081359352
8.634958779387256,-2.0342684612450306
8.628065854408439,-2.031610056549574
8.621172570508511,-2.0289548729414792
8.614278928192972,-2.026302916143336
8.607384927976662,-2.023654191932821
8.600490570384059,-2.0210087061435003
8.593595855949534,-2.018366464665969
8.586700785217662,-2.015727473448652
8.579805358743512,-2.013091738498907
8.57290957709296,-2.010459265884049
8.56601344084301,-2.0078300617323928
8.559116950582137,-2.005204132234285
8.55222010691062,-2.0025814836432896
8.545322910440904,-1.9999621222772865
8.538425361797978,-1.9973460545196002
8.531527461619755,-1.9947332868202208
8.524629210557464,-1.9921238256970581
8.51773060927608,-1.9895176777370969
8.51083165845474,-1.986914849597801
8.50393235878719,-1.984315348008308
8.49703271098225,-1.981719179770884
8.490132715764293,-1.979126351762251
8.483232373873744,-1.9765368709349975
8.476331686067592,-1.9739507443190951
8.46943065311993,-1.9713679790233447
8.462529275822519,-1.9687885822369275
8.45562755498535,-1.966212561231035
8.448725491437267,-1.963639923360402
8.441823086026584,-1.9610706760650558
8.43492033962173,-1.9585048268720098
8.428017253111939,-1.955942383396974
8.421113827407945,-1.953383353346293
8.414210063442724,-1.9508277445186697
8.407305962172256,-1.9482755648071455
8.40040152457631,-1.9457268222011437
8.393496751659292,-1.9431815247883668
8.38659164445109,-1.9406396807569983
8.379686204007994,-1.938101298397787
8.37278043141361,-1.9355663861063435
8.365874327779862,-1.9330349523853239
8.358967894247998,-1.9305070058468872
8.352061131989668,-1.9279825552150536
8.345154042208026,-1.9254616093282235
8.338246626138897,-1.922944177141787
8.331338885051988,-1.9204302677307803
8.324430820252163,-1.917919890292589
8.317522433080761,-1.9154130541498486
8.310613724916989,-1.9129097687533396
8.303704697179368,-1.9104100436850011
8.296795351327253,-1.907913888661099
8.289885688862423,-1.9054213135354179
8.282975711330746,-1.902932328302583
8.276065420323915,-1.9004469431016018
8.269154817481287,-1.8979651682193266
8.262243904491788,-1.8954870140942215
8.255332683095933,-1.8930124913201696
8.248421155087925,-1.8905416106504056
8.241509322317878,-1.8880743830016615
8.234597186694135,-1.8856108194583947
8.227684750185714,-1.8831509312771868
8.22077201482488,-1.8806947298913317
8.213858982709837,-1.8782422269155576
8.206945656007578,-1.8757934341509748
8.200032036956872,-1.8733483635901358
8.193118127871413,-1.8709070274223851
8.186203931143147,-1.8684694380393239
8.179289449245765,-1.8660356080405716
8.17237468473839,-1.8636055502397375
8.165459640269484,-1.8611792776705338
8.158544318580947,-1.858756803593352
8.15162872251248,-1.8563381415018247
8.14471285500616,-1.8539233051299562
8.137796719111302,-1.8515123084593734
8.130880317989611,-1.8491051657268665
8.123963654920614,-1.8467018914324105
8.117046733307431,-1.8443025003474032
8.110129556682892,-1.8419070075233157
8.103212128716027,-1.839515428300731
8.096294453218944,-1.8371277783188407
8.08937653415416,-1.8347440735252276
8.082458375642368,-1.8323643301863344
8.075539981970715,-1.829988564898236
8.068621357601613,-1.8276167945980277
8.061702507182117,-1.8252490365757448
8.05478343555394,-1.8228853084868268
8.047864147764122,-1.8205256283653246
8.040944649076431,-1.8181700146376554
8.034024944983551,-1.8158184861370994
8.027105041220109,-1.813471062119149
8.020184943776622,-1.8111277622775546
8.01326465891447,-1.8087886067611916
8.006344193181894,-1.8064536161921585
7.999423553431237,-1.8041228116844588
7.992502746837417,-1.801796214864092
7.98558178091784,-1.7994738478900003
7.978660663553795,-1.797155733476619
7.971739403013552,-1.7948418949173386
7.964818007977268,-1.7925323561097126
7.957896487563892,-1.7902271415820448
7.950974851360262,-1.7879262765216963
7.944053109452602,-1.7856297868052664
7.937131272460687,-1.783337699030523
7.930209351574898,-1.7810500405507144
7.923287358596522,-1.7787668395109482
7.916365305981587,-1.776488124887279
7.909443206888655,-1.774213926528324
7.90252107523097,-1.771944275200035
7.89559892573346,-1.769679202633587
7.888676773995142,-1.7674187415769644
7.881754636557543,-1.7651629258503019
7.874832530979851,-1.7629117904056546
7.867910475921598,-1.7606653713914344
7.860988491233777,-1.7584237062221233
7.854066598059478,-1.7561868336536253
7.847144818945202,-1.7539547938652709
7.840223177964292,-1.7517276285486296
7.833301700854029,-1.7495053810044299
7.826380415168282,-1.7472880962483135
7.8194593504478505,-1.7450758211263735
7.812538538410999,-1.7428686044418193
7.805618013167112,-1.7406664970941863
7.7986978114569006,-1.7384695522326234
7.791777972923212,-1.736277825424938
7.784858540417177,-1.7340913748451252
7.777939560345397,-1.7319102614812016
7.7710210830648805,-1.7297345493668312
7.764103163333803,-1.7275643058401453
7.757185860827793,-1.7253996018336304
7.750269240733439,-1.72324051220048
7.743353374433244,-1.7210871160829446
7.736438340299392,-1.7189394973299714
7.729524224617634,-1.7167977449727485
7.722611122667644,-1.7146619537684213
7.715699139992585,-1.7125322248251624
7.708788393898922,-1.7104086663240936
7.701879015238199,-1.708291394358019
7.694971150536619,-1.7061805339112712
7.688064964556752,-1.7040762200122848
7.6811606434005535,-1.70197859909826
7.674258398296367,-1.6998878306431975
7.6673584702582,-1.6978040891159623
7.660461135868849,-1.6957275663558542
7.653566714526936,-1.6936584744826837
7.646675577623849,-1.691597049498958
7.63978816029858,-1.6895435558006597
7.632904976686065,-1.687498291898122
7.626026639975958,-1.6854615977745713
7.6191538892133694,-1.6834338645011644
7.612287625737074,-1.681415547024068
7.605428963702795,-1.6794071815105647
7.5985793017131025,-1.6774094094168732
7.591740426988496,-1.675423011754062
7.584914671370279,-1.6734489593453907
7.578105153042542,-1.671488489129008
7.571316166329244,-1.6695432247915574
7.564553840562988,-1.667615376813254
7.557827317003743,-1.665708093345708
7.551150987674156,-1.6638261163604258
7.54455005828875,-1.6619773774417075
7.538595806593995,-1.6603213367550707
7.533455789461937,-1.6589021151394008
7.529098525498414,-1.657708305602295
7.525609601021417,-1.6567608758640209
7.524389455719402,-1.656432573401871
7.5247583476815105,-1.656530763393578
7.52954094345313,-1.6577897139694535
7.535576202771743,-1.6593603888650068
7.541972006704337,-1.6610107679896997
7.54853573946769,-1.6626927592560428
7.555195712125675,-1.6643892653729397
7.56191781983095,-1.6660925754876033
7.568683284714839,-1.6677986994978287
7.575480704768444,-1.6695053826311155
7.5823026520842,-1.6712112733393671
7.589144024021511,-1.672915528822539
7.596001166882773,-1.674617610313612
7.602871375869297,-1.6763171692221797
7.609752593144412,-1.678013980251176
7.6166432169078195,-1.6797079003335218
7.623541975941828,-1.6813988424889352
7.630447844459334,-1.6830867586693508
7.637359982677648,-1.6847716282125464
7.644277694335167,-1.6864534499016572
7.651200395673717,-1.6881322364036084
7.658127592367275,-1.6898080103127187
7.665058862075414,-1.691480801298747
7.671993841053674,-1.6931506440283397
7.678932213739849,-1.6948175766358644
7.685873704556653,-1.696481639590266
7.69281807138805,-1.6981428748505996
7.699765100335352,-1.6998013252341957
7.706714601463246,-1.7014570339427921
7.713666405319641,-1.7031100442074374
7.720620360066331,-1.7047603990226945
7.72757632909616,-1.7064081409488114
7.734534189040898,-1.7080533119659649
7.741493828095358,-1.7096959533681593
7.748455144599338,-1.7113361056876493
7.75541804583115,-1.7129738086431483
7.762382446975939,-1.7146091011060602
7.769348270239208,-1.7162420210808644
7.776315444081691,-1.7178726056962172
7.783283902556118,-1.719500891204484
7.790253584730014,-1.7211269129875384
7.797224434181438,-1.7227507055674591
7.804196398556885,-1.7243723026206017
7.81116942918231,-1.7259917369947442
7.818143480719836,-1.727609040727706
7.825118510863802,-1.7292242450676552
7.832094480070871,-1.7308373804940298
7.839071351319695,-1.7324484767391397
7.846049089896339,-1.7340575628098875
7.853027663202198,-1.7356646670096152
7.8600070405816505,-1.7372698169595615
7.8669871931670246,-1.7388730396203078
7.873968093738858,-1.7404743613126255
7.880949716599642,-1.7420738077379976
7.887932037459542,-1.7436714039984487
7.894915033332724,-1.7452671746160011
7.901898682443146,-1.746861143551396
7.908882964138769,-1.7484533342223816
7.915867858813325,-1.7500437695212636
7.922853347834829,-1.7516324718318848
7.929839413480167,-1.753219463046027
7.936826038875123,-1.7548047645792522
7.943813207939335,-1.7563883973861631
7.950800905335691,-1.7579703819749743
7.957789116423724,-1.7595507384217852
7.964777827216659,-1.7611294863840556
7.971767024341748,-1.7627066451137687
7.978756695003607,-1.764282233469978
7.985746826950284,-1.7658562699309377
7.99273740844181,-1.7674287726057383
7.999728428221022,-1.768999759245592
8.006719875486468,-1.7705692472544776
8.013711739867192,-1.7721372536996893
8.020704011399296,-1.7737037953216652
8.02769668050406,-1.7752688885437025
8.03468973796756,-1.7768325494811554
8.041683174921616,-1.7783947939503453
8.048676982826006,-1.7799556374771999
8.055671153451813,-1.7815150953053644
8.062665678865823,-1.783073182404354
8.069660551415929,-1.7846299134770145
8.07665576371741,-1.786185302967073
8.08365130864007,-1.7877393650661697
8.090647179296148,-1.7892921137207125
8.097643369028946,-1.790843562638504
8.10463987140212,-1.7923937252952427
8.111636680189621,-1.7939426149404705
8.118633789366179,-1.795490244603691
8.125631193098355,-1.7970366271000262
8.132628885736084,-1.7985817750357547
8.139626861804679,-1.8001257008137448
8.146625115997297,-1.8016684166385042
8.153623643167787,-1.8032099345212818
8.16062243832394,-1.8047502662847978
8.16762149662109,-1.8062894235680205
8.174620813356045,-1.8078274178305809
8.181620383961343,-1.8093642603571944
8.188620203999797,-1.8108999622618973
8.195620269159317,-1.8124345344920612
8.20262057524799,-1.8139679878324624
8.20962111818941,-1.8155003329089747
8.216621894018232,-1.817031580192433
8.223622898875943,-1.8185617400021172
8.230624129006845,-1.820090822509248
8.237625580754207,-1.8216188377404519
8.244627250556631,-1.823145795580891
8.251629134944556,-1.8246717057775956
8.258631230536952,-1.826196577942359
8.265633534038136,-1.827720421554927
8.27263604223476,-1.8292432459657137
8.279638751992914,-1.830765060398751
8.286641660255375,-1.832285873954288
8.293644764038955,-1.8338056956115871
8.30064806043199,-1.8353245342313609
8.30765154659192,-1.836842398558363
8.314655219742978,-1.8383592972237595
8.321659077173974,-1.839875238747565
8.328663116236191,-1.8413902315407773
8.335667334341327,-1.842904283907865
8.342671728960054,-1.84441740403875
8.34967629761822,-1.8459296000507772
8.356681037897927,-1.8474408799311186
8.363685947433881,-1.8489512515788562
8.370691023912299,-1.8504607227958652
8.377696265069225,-1.8519693012900131
8.384701668689035,-1.853476994676779
8.391707232603018,-1.8549838104801009
8.398712954687909,-1.856489756135253
8.405718832864554,-1.857994838990118
8.41272486509666,-1.859499066306164
8.419731049389467,-1.8610024452609863
8.426737383788542,-1.8625049829501115
8.433743866378679,-1.86400668638744
8.44075049528274,-1.865507562507318
8.447757268660597,-1.8670076181658415
8.45476418470803,-1.8685068601430264
8.461771241655809,-1.870005295143078
8.468778437768698,-1.871502929796102
8.475785771344508,-1.8729997706596735
8.48279324071317,-1.8744958242205438
8.48980084423593,-1.8759910968947997
8.496808580304497,-1.8774855950295861
8.50381644734019,-1.8789793249046645
8.510824443793204,-1.8804722927330315
8.517832568141811,-1.8819645046625717
8.524840818891668,-1.8834559667767694
8.531849194575086,-1.884946685096031
8.538857693750344,-1.8864366655787992
8.545866315001097,-1.8879259141216846
8.55287505693562,-1.889414436562106
8.559883918186271,-1.8909022386780547
8.566892897408852,-1.8923893261898423
8.5739019932821,-1.8938757047598465
8.580911204507013,-1.895361379995122
8.587920529806429,-1.8968463574465657
8.594929967924386,-1.8983306426114253
8.601939517625684,-1.899814240933175
8.608949177695402,-1.9012971578020659
8.61595894693833,-1.9027793985574326
8.622968824178615,-1.9042609684866947
8.629978808259226,-1.9057418728275703
8.636988898041574,-1.9072221167678298
8.643999092405018,-1.9087017054472737
8.65100939024656,-1.9101806439567575
8.658019790480308,-1.911658937341074
8.665030292037237,-1.913136590597323
8.672040893864693,-1.9146136086774883
8.679051594926072,-1.91608999648844
8.686062394200498,-1.9175657588921369
8.693073290682413,-1.919040900707141
8.700084283381264,-1.920515426709087
8.707095371321241,-1.9219893416302172
8.714106553540844,-1.9234626501618213
8.72111782909268,-1.924935356953261
8.728129197043081,-1.9264074666137516
8.73514065647188,-1.927878983711984
8.742152206472099,-1.9293499127771552
8.749163846149644,-1.9308202582998544
8.756175574623093,-1.9322900247318833
8.763187391023413,-1.933759216487075
8.770199294493656,-1.9352278379425967
8.777211284188803,-1.9366958934380316
8.78422335927545,-1.9381633872770665
8.791235518931611,-1.9396303237273633
8.79824776234646,-1.9410967070215466
8.805260088720154,-1.9425625413569216
8.81227249726354,-1.9440278308971857
8.819284987198044,-1.9454925797713443
8.826297557755373,-1.9469567920754733
8.833310208177373,-1.9484204718723925
8.8403229377158,-1.9498836231925727
8.847335745632135,-1.9513462500344296
8.854348631197446,-1.9528083563641019
8.861361593692113,-1.9542699461171833
8.868374632405736,-1.9557310231978906
8.875387746636893,-1.9571915914805607
8.88240093569306,-1.958651654808613
8.889414198890343,-1.9601112169965602
8.896427535553412,-1.961570281828947
8.903440945015262,-1.9630288530619737
8.91045442661711,-1.9644869344230877
8.91746797970824,-1.9659445296113665
8.924481603645848,-1.9674016422982252
8.931495297794912,-1.968858276127312
8.938509061528018,-1.9703144347155654
8.945522894225252,-1.971770121652992
8.95253679527409,-1.9732253405028057
8.959550764069224,-1.974680094802302
8.96656480001245,-1.9761343880629823
8.973578902512555,-1.9775882237706863
8.980593070985178,-1.9790416053862985
8.987607304852718,-1.9804945363454216
8.994621603544184,-1.9819470200594058
9.001635966495106,-1.9833990599151468
9.008650393147425,-1.9848506592754531
9.01566488294936,-1.9863018214796488
9.022679435355322,-1.987752549843574
9.029694049825835,-1.9892028476594572
9.036708725827376,-1.9906527181971307
9.043723462832316,-1.9921021647036277
9.050738260318813,-1.9935511904036831
9.057753117770718,-1.9949997984998502
9.064768034677487,-1.9964479921728118
9.071783010534073,-1.9978957745817805
9.078798044840864,-1.999343148864418
9.085813137103557,-2.000790118137599
9.092828286833123,-2.0022366854969476
9.09984349354568,-2.003682854017692
9.106858756762417,-2.005128626754835
9.11387407600955,-2.0065740067427513
9.120889450818195,-2.008018996996286
9.127904880724323,-2.009463600510375
9.134920365268668,-2.010907820260539
9.141935903996664,-2.0123516592029755
9.14895149645837,-2.0137951202748083
9.155967142208388,-2.0152382063943914
9.162982840805817,-2.016680920461219
9.169998591814148,-2.018123265356677
9.17701439480124,-2.0195652439435463
9.184030249339227,-2.0210068590667607
9.191046155004448,-2.0224481135534393
9.198062111377425,-2.023889010212717
9.20507811804273,-2.025329551836826
9.212094174589014,-2.026769741200055
9.219110280608854,-2.028209581060223
9.226126435698783,-2.02964907415763
9.233142639459157,-2.031088223216291
9.240158891494149,-2.032527030943434
9.247175191411667,-2.033965500030043
9.254191538823338,-2.0354036331504846
9.261207933344386,-2.0368414329636555
9.268224374593643,-2.0382789021121943
9.275240862193483,-2.039716043222988
9.282257395769749,-2.0411528589075414
9.28927397495172,-2.04258935176192
9.296290599372085,-2.044025524366728
9.303307268666837,-2.045461379287861
9.310323982475287,-2.0468969190759587
9.317340740439983,-2.0483321462670636
9.324357542206693,-2.049767063382276
9.33137438742431,-2.051201672928693
9.338391275744868,-2.052635977398686
9.345408206823462,-2.0540699792706003
9.35242518031823,-2.0555036810084935
9.359442195890281,-2.0569370850628195
9.366459253203681,-2.0583701938700996
9.373476351925408,-2.0598030098531304
9.380493491725309,-2.0612355354212686
9.387510672276061,-2.0626677729704777
9.394527893253134,-2.064099724883528
9.401545154334753,-2.0655313935299895
9.408562455201874,-2.066962781266426
9.415579795538129,-2.068393890436561
9.422597175029802,-2.06982472337137
9.429614593365793,-2.071255282389182
9.436632050237579,-2.0726855697959006
9.443649545339191,-2.0741155878849513
9.45066707836718,-2.0755453389373826
9.457684649020564,-2.0769748252223827
9.464702257000823,-2.078404048996893
9.471719902011854,-2.079833012505996
9.47873758375994,-2.0812617179829545
9.485755301953736,-2.082690167649226
9.492773056304205,-2.0841183637148664
9.499790846524629,-2.0855463083782833
9.506808672330552,-2.086974003826571
9.513826533439765,-2.0884014522354657
9.52084442957226,-2.0898286557697783
9.52786236045024,-2.091255616582935
9.53488032579805,-2.092682336817581
9.541898325342174,-2.0941088186054464
9.548916358811207,-2.095535064067517
9.555934425935828,-2.0969610753139953
9.562952526448768,-2.09838685444461
9.569970660084783,-2.0998124035487504
9.576988826580656,-2.1012377247050504
9.584007025675136,-2.1026628199821693
9.591025257108939,-2.1040876914384326
9.59804352062471,-2.1055123411221444
9.605061815967028,-2.106936771071334
9.612080142882329,-2.1083609833145407
9.619098501118952,-2.1097849798699633
9.626116890427053,-2.1112087627464566
9.63313531055863,-2.112632333942952
9.640153761267483,-2.1140556954488647
9.647172242309187,-2.1154788492440764
9.654190753441082,-2.1169017972991457
9.661209294422244,-2.118324541575248
9.668227865013485,-2.119747084024145
9.675246464977295,-2.121169426588712
9.682265094077874,-2.1225915712023666
9.689283752081053,-2.1240135197898966
9.696302438754335,-2.1254352742667617
9.70332115386683,-2.1268568365398317
9.710339897189257,-2.128278208507084
9.71735866849393,-2.129699392057765
9.724377467554735,-2.13112038907237
9.731396294147093,-2.1325412014231317
9.73841514804798,-2.1339618309734565
9.745434029035886,-2.1353822795784883
9.752452936890796,-2.136802549084977
9.75947187139419,-2.1382226413313004
9.766490832329001,-2.139642558147826
9.773509819479631,-2.1410623013565733
9.780528832631918,-2.1424818727714654
9.787547871573105,-2.1439012741985857
9.794566936091856,-2.145320507435909
9.801586025978217,-2.1467395742735897
9.808605141023616,-2.148158476493912
9.815624281020828,-2.149577215871541
9.822643445763998,-2.1509957941731397
9.829662635048573,-2.152414213158136
9.83668184867134,-2.153832474578066
9.843701086430375,-2.15525058017713
9.850720348125051,-2.1566685316920178
9.857739633556017,-2.158086330851991
9.864758942525176,-2.159503979379089
9.87177827483569,-2.160921478987954
9.878797630291945,-2.16233883138614
9.885817008699558,-2.1637560382739927
9.892836409865359,-2.1651731013446702
9.899855833597366,-2.166590022284396
9.906875279704789,-2.1680068027723864
9.913894747998006,-2.1694234444809113
9.920914238288558,-2.170839949075369
9.927933750389137,-2.172256318214302
9.934953284113567,-2.1736725535495327
9.9419728392768,-2.175088656726134
9.948992415694903,-2.176504629382524
9.956012013185045,-2.17792047315044
9.963031631565478,-2.179336189655245
9.97005127065555,-2.1807517805155596
9.977070930275664,-2.1821672473436773
9.98409061024729,-2.183582591745461
9.99111031039294,-2.184997815320388
9.998130030536174,-2.186412919661595
10.005149770501564,-2.1878279063560626
10.012169530114711,-2.189242776984424
10.019189309202218,-2.1906575331211977
10.026209107591686,-2.1920721763347903
10.033228925111702,-2.1934867081875353
10.040248761591833,-2.1949011302356722
10.04726861686261,-2.1963154440295303
10.054288490755525,-2.1977296511134385
10.061308383103018,-2.199143753025851
10.068328293738466,-2.2005577512994257
10.075348222496183,-2.201971647460873
10.082368169211403,-2.2033854430312405
10.089388133720266,-2.204799139525856
10.096408115859823,-2.206212738454336
10.103428115468017,-2.207626241320678
10.11044813238368,-2.209039649623199
10.117468166446521,-2.210452964854784
10.124488217497115,-2.211866188502757
10.131508285376906,-2.2132793220489133
10.138528369928185,-2.214692366969689
10.145548470994093,-2.2161053247360423
10.152568588418601,-2.2175181968136797
10.159588722046518,-2.2189309846629106
10.16660887172347,-2.2203436897387805
10.173629037295902,-2.2217563134910763
10.180649218611055,-2.223168857364457
10.187669415516979,-2.224581322798351
10.194689627862509,-2.225993711227066
10.20170985549727,-2.227406024079814
10.208730098271658,-2.2288182627807904
10.215750356036843,-2.230230428749126
10.22277062864475,-2.231642523399025
10.22979091594807,-2.2330545481396427
10.236811217800238,-2.2344665043753302
10.243831534055431,-2.235878393505462
10.250851864568558,-2.237290216924691
10.25787220919526,-2.2387019760227593
10.264892567791899,-2.2401136721846377
10.27191294021555,-2.2415253067906145
10.278933326324,-2.2429368812162442
10.285953725975737,-2.244348396832359
10.292974139029948,-2.24575985500519
10.2999945653465,-2.247171257096398
10.307015004785956,-2.2485826044629627
10.314035457209547,-2.2499938984574217
10.321055922479184,-2.2514051404276816
10.328076400457434,-2.2528163317173098
10.335096891007531,-2.2542274736652845
10.34211739399336,-2.2556385676062143
10.349137909279454,-2.257049614870348
10.356158436730988,-2.258460616783518
10.363178976213774,-2.2598715746672546
10.370199527594256,-2.2612824898387727
10.377220090739502,-2.2626933636109983
10.384240665517202,-2.264104197292634
10.391261251795656,-2.265514992188193
10.398281849443782,-2.2669257495979296
10.405302458331093,-2.2683364708179936
10.412323078327706,-2.2697471571403756
10.419343709304329,-2.271157809852985
10.42636435113226,-2.272568430239619
10.433385003683378,-2.2739790195801146
10.440405666830149,-2.2753895791501373
10.4474263404456,-2.2768001102214916
10.454447024403336,-2.278210614061948
10.461467718577522,-2.279621091935344
10.46848842284288,-2.281031545101637
10.47550913707469,-2.282441974816828
10.48252986114878,-2.2838523823331234
10.489550594941521,-2.285262768898865
10.49657133832983,-2.286673135758533
10.503592091191152,-2.2880834841528697
10.510612853403469,-2.2894938153188495
10.517633624845287,-2.290904130489716
10.524654405395633,-2.29231443089499
10.531675194934056,-2.2937247177604925
10.538695993340617,-2.2951349923083493
10.545716800495885,-2.2965452557571067
10.552737616280934,-2.297955509321654
10.559758440577339,-2.2993657542133232
10.566779273267175,-2.300775991639793
10.573800114233004,-2.302186222805281
10.580820963357883,-2.3035964489104317
10.58784182052535,-2.3050066711523876
10.594862685619422,-2.306416890724845
10.601883558524595,-2.3078271088179863
10.608904439125839,-2.309237326618601
10.61592532730859,-2.310647545310041
10.622946222958749,-2.3120577660722956
10.629967125962683,-2.3134679900819206
10.636988036207208,-2.314878218512214
10.644008953579604,-2.316288452533036
10.651029877967593,-2.317698693311054
10.658050809259347,-2.3191089420095636
10.665071747343482,-2.320519199788576
10.67209269210905,-2.321929467804981
10.679113643445541,-2.323339747212313
10.686134601242877,-2.3247500391609854
10.693155565391407,-2.3261603447981676
10.70017653578191,-2.3275706652678867
10.707197512305582,-2.328981001711063
10.71421849485404,-2.3303913552654434
10.721239483319318,-2.3318017270656455
10.728260477593857,-2.333212118243279
10.735281477570512,-2.33462252992684
10.742302483142542,-2.3360329632417516
10.749323494203605,-2.3374434193104516
10.756344510647763,-2.338853899252356
10.763365532369471,-2.3402644041838605
10.770386559263576,-2.3416749352184563
10.77740759122532,-2.3430854934665644
10.784428628150325,-2.34449608003579
10.791449669934602,-2.3459066960307147
10.798470716474542,-2.3473173425530733
10.80549176766691,-2.3487280207017283
10.812512823408849,-2.3501387315726316
10.819533883597872,-2.3515494762589113
10.826554948131863,-2.3529602558508986
10.833576016909072,-2.354371071436018
10.840597089828112,-2.35578192409896
10.847618166787957,-2.357192814921618
10.854639247687933,-2.3586037449831605
10.86166033242773,-2.3600147153599327
10.868681420907386,-2.3614257271256056
10.875702513027287,-2.3628367813511177
10.88272360868817,-2.3642478791046955
10.889744707791111,-2.3656590214519295
10.896765810237532,-2.3670702094556697
10.903786915929192,-2.3684814441761612
10.910808024768187,-2.369892726671036
10.917829136656946,-2.3713040579952414
10.924850251498231,-2.3727154392011656
10.931871369195129,-2.374126871338636
10.938892489651058,-2.3755383554548346
10.945913612769756,-2.376949892594453
10.952934738455287,-2.3783614837995732
10.95995586661203,-2.379773130109806
10.966976997144677,-2.3811848325622376
10.973998129958243,-2.3825965921914367
10.981019264958054,-2.3840084100294656
10.988040402049736,-2.385420287105982
10.995061541139231,-2.3868322244481557
11.00208268213278,-2.388244223080736
11.009103824936933,-2.389656284025998
11.016124969458536,-2.391068408303815
11.023146115604732,-2.392480596931743
11.030167263282964,-2.3938928509248134
11.037188412400967,-2.3953051712957882
11.044209562866763,-2.3967175590550918
11.05123071458867,-2.398130015210742
11.058251867475292,-2.3995425407683966
11.065273021435512,-2.400955136731506
11.072294176378504,-2.402367804101128
11.079315332213719,-2.403780543876054
11.086336488850884,-2.405193357052832
11.09335764620001,-2.406606244625685
11.100378804171374,-2.408019207586673
11.107399962675533,-2.409432246925506
11.11442112162331,-2.4108453636297416
11.1214422809258,-2.4122585586847203
11.128463440494365,-2.413671833073534
11.135484600240625,-2.4150851877771804
11.14250576007647,-2.4164986237744164
11.14952691991405,-2.4179121420418
11.156548079665773,-2.419325743553809
11.163569239244303,-2.4207394292827424
11.17059039856256,-2.4221532001988235
11.177611557533718,-2.423567057270075
11.184632716071201,-2.4249810014624913
11.191653874088685,-2.4263950337399534
11.198675031500093,-2.427809155064224
11.205696188219594,-2.429223366395066
11.212717344161604,-2.430637668690126
11.219738499240773,-2.4320520629050697
11.226759653372005,-2.4334665499934176
11.233780806470433,-2.434881130906794
11.240801958451431,-2.436295806594741
11.247823109230607,-2.4377105780048414
11.254844258723809,-2.439125446082611
11.261865406847107,-2.4405404117716984
11.26888655351681,-2.4419554760137165
11.275907698649453,-2.443370639748285
11.2829288421618,-2.4447859039131785
11.289949983970839,-2.446201269444152
11.296971123993782,-2.44761673727511
11.303992262148068,-2.4490323083379226
11.311013398351347,-2.450447983562727
11.318034532521503,-2.451863763877574
11.325055664576624,-2.4532796502088123
11.33207679443502,-2.4546956434808394
11.339097922015219,-2.4561117446161425
11.346119047235955,-2.45752795453545
11.353140170016182,-2.4589442741575533
11.360161290275057,-2.4603607043995064
11.367182407931955,-2.4617772461764154
11.374203522906445,-2.46319390040172
11.381224635118311,-2.4646106679869924
11.38824574448754,-2.466027549841991
11.395266850934323,-2.467444546874669
11.402287954379048,-2.4688616599913273
11.409309054742305,-2.4702788900963943
11.416330151944889,-2.4716962380925143
11.423351245907783,-2.4731137048806606
11.43037233655217,-2.4745312913600923
11.437393423799426,-2.4759489984282874
11.444414507571125,-2.4773668269809868
11.451435587789028,-2.4787847779122587
11.458456664375086,-2.480202852114479
11.465477737251444,-2.4816210504783314
11.472498806340429,-2.4830393738927774
11.479519871564559,-2.484457823245168
11.486540932846532,-2.485876399421163
11.493561990109239,-2.4872951033047306
11.500583043275746,-2.488713935778192
11.507604092269302,-2.490132897722325
11.514625137013333,-2.4915519900162253
11.521646177431455,-2.4929712135372752
11.528667213447447,-2.4943905691614106
11.535688244985279,-2.4958100577627818
11.542709271969079,-2.4972296802141583
11.549730294323165,-2.4986494373865167
11.556751311972018,-2.500069330149407
11.563772324840299,-2.501489359370668
11.570793332852828,-2.5029095259167016
11.577814335934603,-2.5043298306522987
11.584835334010785,-2.5057502744407367
11.591856327006708,-2.507170858143679
11.598877314847863,-2.5085915826213707
11.605898297459916,-2.5100124487324
11.612919274768688,-2.511433457333966
11.619940246700166,-2.512854609281652
11.626961213180493,-2.5142759054296633
11.63398217413598,-2.5156973466306174
11.641003129493093,-2.5171189337356736
11.648024079178455,-2.518540667594531
11.65504502311885,-2.519962549055357
11.662065961241208,-2.5213845789650096
11.669086893472626,-2.5228067581686964
11.676107819740345,-2.5242290875103097
11.683128739971762,-2.525651567832293
11.690149654094428,-2.5270741999756132
11.697170562036044,-2.528496984779783
11.704191463724452,-2.5299199230830167
11.711212359087654,-2.5313430157220256
11.71823324805379,-2.532766263532124
11.725254130551152,-2.5341896673472952
11.732275006508175,-2.5356132280000496
11.739295875853443,-2.537036946321522
11.746316738515675,-2.5384608231415497
11.753337594423739,-2.5398848592885392
11.76035844350664,-2.5413090555895548
11.76737928569353,-2.542733412870264
11.774400120913686,-2.5441579319551137
11.781420949096546,-2.5455826136669897
11.788441770171662,-2.5470074588277183
11.79546258406874,-2.5484324682575825
11.802483390717615,-2.5498576427755957
11.809504190048255,-2.551282983199511
11.816524981990764,-2.5527084903457355
11.823545766475378,-2.554134165029388
11.830566543432466,-2.5555600080642984
11.837587312792534,-2.5569860202628982
11.844608074486201,-2.5584122024365814
11.851628828444236,-2.5598385553952023
11.858649574597521,-2.5612650799475114
11.865670312877075,-2.562691776900918
11.872691043214035,-2.564118647061655
11.879711765539673,-2.5655456912345858
11.886732479785383,-2.5669729102233982
11.893753185882677,-2.568400304830611
11.9007738837632,-2.569827875857316
11.907794573358709,-2.5712556241036477
11.914815254601095,-2.5726835503682413
11.921835927422357,-2.574111655448713
11.928856591754622,-2.575539940141389
11.935877247530135,-2.5769684052413893
11.94289789468126,-2.5783970515426495
11.949918533140467,-2.5798258798380074
11.956939162840365,-2.5812548909188884
11.96395978371366,-2.5826840855757798
11.97098039569318,-2.5841134645978525
11.978000998711867,-2.5855430287731607
11.985021592702774,-2.5869727788885992
11.992042177599073,-2.5884027157298317
11.999062753334043,-2.5898328400814656
12.006083319841071,-2.5912631527269565
12.013103877053666,-2.5926936544485026
12.020124424905433,-2.5941243460273538
12.027144963330095,-2.595555228243452
12.034165492261485,-2.5969863018756603
12.041186011633528,-2.598417567701879
12.048206521380274,-2.5998490264986653
12.055227021435874,-2.601280679041584
12.062247511734576,-2.602712526105126
12.069267992210742,-2.6041445684626185
12.076288462798836,-2.605576806886295
12.083308923433425,-2.6070092421472824
12.09032937404916,-2.6084418750159175
12.097349814580838,-2.609874706260842
12.104370244963311,-2.6113077366502466
12.111390665131553,-2.6127409669509514
12.118411075020642,-2.614174397928693
12.125431474565739,-2.615608030348324
12.13245186370212,-2.617041864973433
12.139472242365143,-2.618475902566768
12.146492610490268,-2.619910143889964
12.153512968013064,-2.6213445897034813
12.160533314869186,-2.6227792407668638
12.167553650994373,-2.6242140978387227
12.174573976324474,-2.625649161676488
12.181594290795426,-2.6270844330366514
12.188614594343264,-2.6285199126745757
12.195634886904106,-2.6299556013448013
12.202655168414164,-2.6313914998007757
12.209675438809745,-2.632827608794957
12.216695698027246,-2.6342639290787404
12.223715946003159,-2.6357004614025237
12.23073618267405,-2.6371372065159004
12.237756407976587,-2.6385741651672983
12.244776621847521,-2.640011338104234
12.251796824223689,-2.641448726073287
12.258817015042021,-2.642886329819959
12.265837194239523,-2.644324150088959
12.272857361753298,-2.6457621876238484
12.279877517520529,-2.6472004431673297
12.286897661478482,-2.64863891746114
12.2939177935645,-2.6500776112462106
12.300937913716025,-2.651516525262274
12.307958021870574,-2.6529556602482476
12.314978117965744,-2.6543950169421646
12.321998201939214,-2.655834596081073
12.329018273728746,-2.6572743984011
12.336038333272182,-2.658714424637455
12.34305838050744,-2.6601546755244776
12.350078415372531,-2.661595151795417
12.357098437805517,-2.663035854182971
12.364118447744572,-2.664476783418505
12.371138445127922,-2.665917940232791
12.378158429893881,-2.667359325355606
12.385178401980838,-2.668800939515822
12.392198361327255,-2.670242783441445
12.399218307871676,-2.6716848578595402
12.406238241552712,-2.6731271634964084
12.413258162309058,-2.6745697010773233
12.420278070079469,-2.6760124713268603
12.427297964802785,-2.6774554749686263
12.434317846417917,-2.678898712725291
12.441337714863845,-2.680342185318803
12.44835757007962,-2.681785893470223
12.455377412004369,-2.6832298378997135
12.462397240577285,-2.684674019326598
12.469417055737644,-2.6861184384692747
12.476436857424767,-2.6875630960455434
12.483456645578062,-2.6890079927721726
12.490476420137014,-2.690453129364987
12.497496181041146,-2.6918985065393604
12.504515928230083,-2.6933441250094265
12.511535661643492,-2.6947899854887685
12.518555381221121,-2.6962360886900427
12.525575086902778,-2.6976824353251168
12.532594778628345,-2.6991290261049206
12.539614456337755,-2.7005758617398428
12.546634119971015,-2.7020229429392875
12.553653769468205,-2.703470270411727
12.560673404769448,-2.704917844865182
12.567693025814949,-2.7063656670065432
12.574712632544964,-2.7078137375421623
12.581732224899822,-2.7092620571773995
12.588751802819905,-2.7107106266169816
12.595771366245657,-2.7121594465648555
12.6027909151176,-2.7136085177239284
12.609810449376287,-2.7150578407967734
12.616829968962364,-2.7165074164847236
12.623849473816511,-2.7179572454887015
12.630868963879477,-2.719407328508761
12.637888439092077,-2.7208576662440955
12.644907899395177,-2.7223082593931887
12.6519273447297,-2.723759108653852
12.658946775036622,-2.7252102147231807
12.665966190256995,-2.7266615782972483
12.67298559033191,-2.7281132000716584
12.680004975202522,-2.729565080741172
12.687024344810043,-2.7310172209997705
12.694043699095735,-2.7324696215407873
12.701063038000923,-2.7339222830567276
12.70808236146698,-2.7353752062394583
12.71510166943533,-2.736828391780163
12.722120961847466,-2.738281840369065
12.729140238644922,-2.7397355526958904
12.736159499769292,-2.7411895294495436
12.743178745162215,-2.7426437713182814
12.750197974765383,-2.7440982789896844
12.757217188520551,-2.745553053150449
12.764236386369523,-2.7470080944866218
12.771255568254139,-2.7484634036837527
12.778274734116302,-2.74991898142649
12.785293883897971,-2.7513748283987454
12.79231301754114,-2.7528309452839275
12.799332134987862,-2.7542873327646524
12.806351236180243,-2.755743991522755
12.813370321060434,-2.7572009222394662
12.820389389570627,-2.7586581255954186
12.82740844165307,-2.7601156022704783
12.834427477250054,-2.761573352943885
12.841446496303929,-2.7630313782940754
12.84846549875708,-2.7644896789989364
12.855484484551942,-2.7659482557356334
12.862503453630993,-2.7674071091808
12.869522405936774,-2.768866240010072
12.876541341411846,-2.7703256488988193
12.883560259998827,-2.771785336521595
12.890579161640387,-2.773245303552173
12.897598046279228,-2.774705550663882
12.904616913858108,-2.776166078529208
12.911635764319819,-2.7776268878201664
12.918654597607201,-2.779087979208021
12.925673413663144,-2.7805493533633077
12.932692212430554,-2.7820110109563188
12.939710993852419,-2.7834729526561612
12.946729757871742,-2.7849351791316383
12.953748504431571,-2.7863976910509027
12.960767233475007,-2.7878604890813548
12.967785944945176,-2.789323573889927
12.974804638785255,-2.79078694614283
12.981823314938461,-2.7922506065056294
12.98884197334805,-2.7937145556433403
12.99586061395731,-2.7951787942203947
13.002879236709587,-2.7966433229004046
13.009897841548245,-2.7981081423466305
13.0169164284167,-2.7995732532215754
13.023934997258412,-2.801038656187054
13.030953548016855,-2.80250435190457
13.03797208063557,-2.8039703410346855
13.044990595058104,-2.805436624237702
13.052009091228074,-2.80690320217299
13.059027569089114,-2.8083700754995324
13.0660460285849,-2.8098372448756486
13.073064469659142,-2.8113047109590763
13.080082892255584,-2.8127724744070473
13.087101296318014,-2.8142405358760754
13.094119681790247,-2.815708896022175
13.101138048616143,-2.8171775555006584
13.108156396739579,-2.8186465149665216
13.115174726104488,-2.8201157750738863
13.122193036654824,-2.821585336476463
13.129211328334575,-2.823055199827372
13.136229601087768,-2.8245253657791194
13.143247854858462,-2.8259958349836722
13.150266089590735,-2.8274666080925908
13.157284305228728,-2.828937685756436
13.164302501716586,-2.8304090686256886
13.171320678998496,-2.8318807573500235
13.178338837018678,-2.833352752578625
13.185356975721385,-2.8348250549600844
13.192375095050906,-2.8362976651423235
13.199393194951536,-2.8377705837731044
13.206411275367637,-2.839243811499169
13.213429336243577,-2.8407173489669897
13.220447377523755,-2.8421911968225038
13.227465399152612,-2.8436653557109257
13.234483401074604,-2.845139826277163
13.241501383234235,-2.846614609165314
13.248519345576016,-2.8480897050192397
13.25553728804451,-2.8495651144819494
13.26255521058428,-2.8510408381963037
13.269573113139947,-2.8525168768042537
13.276590995656143,-2.853993230947405
13.283608858077528,-2.855469901266882
13.2906267003488,-2.856946888403095
13.297644522414666,-2.858424192996247
13.30466232421989,-2.859901815685543
13.311680105709218,-2.8613797571103188
13.318697866827463,-2.862858017908811
13.325715607519442,-2.86433659871907
13.332733327730018,-2.8658155001783343
13.339751027404052,-2.867294722923739
13.34676870648645,-2.8687742675916166
13.353786364922142,-2.870254134817848
13.36080400265607,-2.8717343252378997
13.367821619633217,-2.8732148394866295
13.374839215798577,-2.874695678198467
13.381856791097182,-2.8761768420072134
13.388874345474063,-2.8776583315464803
13.395891878874314,-2.8791401474489047
13.402909391243018,-2.8806222903470493
13.409926882525296,-2.882104760872776
13.416944352666277,-2.8835875596576686
13.423961801611144,-2.885070687332431
13.430979229305068,-2.8865541445277056
13.437996635693267,-2.8880379318733094
13.445014020720967,-2.889522049998828
13.452031384333413,-2.891006499533311
13.459048726475897,-2.89249128110506
13.466066047093685,-2.8939763953425026
13.473083346132121,-2.895461842872813
13.480100623536522,-2.8969476243233783
13.48711787925227,-2.8984337403204483
13.494135113224708,-2.8999201914906636
13.501152325399259,-2.9014069784593466
13.508169515721324,-2.902894101851931
13.51518668413636,-2.9043815622929063
13.522203830589802,-2.905869360406824
13.529220955027144,-2.9073574968172835
13.536238057393865,-2.908845972147835
13.543255137635493,-2.910334787021179
13.550272195697545,-2.911823942059955
13.55728923152558,-2.9133134378860457
13.564306245065172,-2.9148032751209003
13.571323236261897,-2.9162934543857437
13.578340205061368,-2.9177839763010773
13.585357151409198,-2.91927484148718
13.592374075251039,-2.920766050563603
13.59939097653252,-2.922257604149982
13.606407855199343,-2.9237495028647538
13.613424711197183,-2.925241747326515
13.620441544471747,-2.9267343381531887
13.627458354968766,-2.928227275962148
13.634475142633967,-2.9297205613706208
13.641491907413105,-2.931214194995213
13.648508649251964,-2.932708177451923
13.655525368096308,-2.9342025093568025
13.66254206389195,-2.935697191324967
13.669558736584694,-2.93719222397148
13.676575386120389,-2.9386876079105413
13.683592012444853,-2.9401833437565386
13.690608615503974,-2.94167943212268
13.697625195243605,-2.9431758736224096
13.704641751609643,-2.9446726688683587
13.71165828454798,-2.946169818472958
13.718674794004539,-2.947667323048008
13.72569127992524,-2.9491651832050967
13.732707742256029,-2.9506633995552427
13.73972418094286,-2.9521619727090775
13.746740595931701,-2.9536609032768166
13.753756987168527,-2.955160191868372
13.760773354599328,-2.9566598390931675
13.767789698170127,-2.9581598455599294
13.774806017826915,-2.9596602118775874
13.781822313515738,-2.961160938654102
13.788838585182628,-2.962662026497312
13.79585483277364,-2.9641634760145497
13.802871056234835,-2.9656652878127945
13.80988725551229,-2.967167462498544
13.816903430552081,-2.968670000678065
13.823919581300311,-2.970172902957026
13.83093570770309,-2.9716761699407033
13.837951809706523,-2.97317980223419
13.844967887256752,-2.9746838004418676
13.8519839402999,-2.9761881651680433
13.858999968782124,-2.97769289701638
13.866015972649578,-2.979197996590243
13.873031951848425,-2.9807034644926653
13.88004790632484,-2.9822093013262427
13.88706383602502,-2.9837155076929984
13.894079740895139,-2.985222084194979
13.901095620881417,-2.9867290314333776
13.90811147593006,-2.9882363500093145
13.915127305987292,-2.9897440405233398
13.922143110999318,-2.9912521035760653
13.929158890912406,-2.9927605397668966
13.936174645672772,-2.994269349695741
13.943190375226695,-2.9957785339613308
13.950206079520411,-2.9972880931627595
13.957221758500213,-2.998798027897998
13.964237412112356,-3.0003083387652985
13.971253040303115,-3.001819026362384
13.978268643018806,-3.0033300912860756
13.985284220205699,-3.004841534133627
13.992299771810105,-3.006353355501369
13.999315297778331,-3.0078655559854597
14.0063307980567,-3.0093781361815264
14.01334627259153,-3.0108910966849955
14.020361721329142,-3.0124044380909805
14.027377144215874,-3.013918160994016
14.034392541198063,-3.0154322659884496
14.04140791222206,-3.0169467536680883
14.048423257234194,-3.0184616246267444
14.055438576180858,-3.0199768794571367
14.06245386900837,-3.0214925187526527
14.069469135663123,-3.023008543105373
14.076484376091477,-3.0245249531075356
14.083499590239795,-3.0260417493510485
14.090514778054493,-3.027558932426808
14.097529939481914,-3.0290765029263884
14.104545074468458,-3.030594461440335
14.111560182960527,-3.0321128085588005
14.118575264904505,-3.0336315448719553
14.125590320246793,-3.0351506709693683
14.132605348933787,-3.0366701874404303
14.139620350911908,-3.038190094873849
14.146635326127557,-3.0397103938583205
14.153650274527138,-3.041231084982189
14.160665196057082,-3.042752168833134
14.167680090663788,-3.044273645998959
14.174694958293701,-3.0457955170665416
14.181709798893223,-3.047317782623016
14.188724612408798,-3.048840443254657
14.195739398786827,-3.0503634995479976
14.202754157973766,-3.0518869520885135
14.209768889916038,-3.053410801461823
14.216783594560075,-3.0549350482531197
14.223798271852313,-3.0564596930471946
14.230812921739185,-3.0579847364286303
14.237827544167143,-3.059510178981323
14.244842139082609,-3.0610360212893717
14.251856706432038,-3.062562263936034
14.25887124616186,-3.06408890750465
14.265885758218529,-3.065615952577864
14.27290024254848,-3.0671433997382653
14.279914699098153,-3.0686712495680872
14.28692912781401,-3.0701995026488866
14.293943528642476,-3.071728159562452
14.300957901530012,-3.0732572208897326
14.307972246423043,-3.0747866872118164
14.314986563268036,-3.076316559108969
14.322000852011419,-3.0778468371615846
14.329015112599642,-3.0793775219494535
14.336029344979156,-3.080908614052026
14.343043549096391,-3.08244011404874
14.350057724897797,-3.083972022518393
14.357071872329824,-3.0855043400394324
14.36408599133889,-3.087037067190461
14.371100081871452,-3.08857020454916
14.378114143873944,-3.090103752693249
14.385128177292794,-3.091637712200157
14.392142182074448,-3.0931720836467336
14.399156158165344,-3.094706867609614
14.406170105511901,-3.0962420646653253
14.413184024060563,-3.0977776753897737
14.420197913757736,-3.0993137003589593
14.42721177454987,-3.1008501401480415
14.434225606383363,-3.1023869953324557
14.441239409204666,-3.1039242664866253
14.448253182960178,-3.105461954185331
14.455266927596318,-3.1070000590027225
14.4622806430595,-3.108538581512661
14.469294329296137,-3.110077522288735
14.476307986252635,-3.111616881904218
14.483321613875397,-3.1131566609321193
14.490335212110823,-3.1146968599451235
14.497348780905318,-3.116237479515497
14.504362320205278,-3.11777852021528
14.511375829957077,-3.119319982616441
14.518389310107107,-3.1208618672903845
14.52540276060177,-3.122404174808032
14.532416181387427,-3.123946905740478
14.539429572410452,-3.125490060658316
14.546442933617225,-3.1270336401316667
14.553456264954114,-3.1285776447305107
14.560469566367464,-3.1301220750247194
14.56748283780367,-3.131666931583188
14.574496079209048,-3.1332122149754924
14.58150929052996,-3.1347579257702507
14.588522471712754,-3.1363040645358855
14.595535622703757,-3.1378506318407324
14.602548743449315,-3.1393976282525693
14.609561833895762,-3.1409450543389057
14.61657489398941,-3.142492910667249
14.623587923676565,-3.144041197804764
14.630600922903572,-3.145589916317764
14.63761389161671,-3.147139066773078
14.644626829762288,-3.1486886497367657
14.651639737286615,-3.150238665774512
14.65865261413596,-3.151789115452205
14.665665460256612,-3.1533399993350417
14.67267827559486,-3.1548913179879037
14.679691060096966,-3.1564430719756515
14.68670381370918,-3.1579952618629195
14.693716536377789,-3.159547888213495
14.700729228049028,-3.161100951591498
14.707741888669142,-3.1626544525604943
14.714754518184373,-3.1642083916837835
14.721767116540963,-3.165762769524259
14.728779683685108,-3.1673175866450713
14.735792219563065,-3.1688728436081397
14.742804724120994,-3.1704285409763355
14.749817197305143,-3.1719846793109983
14.756829639061683,-3.1735412591740966
14.763842049336809,-3.17509828112691
14.770854428076701,-3.176655745730514
14.777866775227524,-3.178213653545832
14.78487909073547,-3.179772005133045
14.791891374546662,-3.1813308010528973
14.798903626607272,-3.182890041865038
14.805915846863428,-3.1844497281293855
14.81292803526126,-3.186009860405396
14.819940191746905,-3.1875704392520925
14.82695231626648,-3.189131465228381
14.83396440876608,-3.190692938893052
14.840976469191814,-3.1922548608043377
14.847988497489768,-3.193817231520383
14.855000493606028,-3.1953800515989306
14.862012457486673,-3.1969433215974967
14.869024389077746,-3.198507042073604
14.876036288325322,-3.2000712135840317
14.883048155175434,-3.20163583668569
14.890059989574116,-3.2032009119350917
14.897071791467418,-3.2047664398881452
14.90408356080133,-3.206332421101193
14.911095297521873,-3.2078988561297535
14.918107001575047,-3.209465745529221
14.92511867290685,-3.2110330898546513
14.932130311463249,-3.2126008896610956
14.939141917190206,-3.214169145503294
14.946153490033693,-3.215737857935452
14.953165029939656,-3.2173070275117026
14.960176536854043,-3.2188766547858036
14.96718801072277,-3.220446740311515
14.974199451491547,-3.2220172846423423
14.98095320709978,-3.223530549536319
14.98596628412504,-3.224654073595579
14.98968732000043,-3.225488181737952
14.992449319951351,-3.226107397433142
14.994499460903997,-3.2265670676904623
14.996021213171625,-3.226908291715517
14.997150760231579,-3.2271615854484192
14.997989186355884,-3.2273496050307995
14.998611522964643,-3.2274891702226474
14.999073463370358,-3.227592767354165
14.99941634687688,-3.2276696654889254
14.999670858294063,-3.227726745230252
14.999859773956755,-3.227769114091104
15.0,-3.227800563359097
15.0,-3.227800563359097
15.000140226029908,-3.2278320128115947
15.00032914163244,-3.2278743825046923
15.000583652892002,-3.227931464426478
15.000926536047192,-3.2280083674214013
15.001388475727339,-3.2281119745901172
15.002010810900776,-3.228251559637589
15.002849234260418,-3.228439617465134
15.003978776087555,-3.2286929835866056
15.005500518568025,-3.229034343003032
15.007550641366802,-3.2294942643932467
15.010312607842756,-3.230113943166822
15.01403358225278,-3.2309489015946697
15.019046546764043,-3.2320739821237146
15.025800096873368,-3.2335900897986716
15.032811258823136,-3.2351644911845336
15.03982238716668,-3.2367393565415785
15.046833481849584,-3.2383146864208205
15.053844542817671,-3.2398904813722633
15.060855570016695,-3.241466741946508
15.067866563392462,-3.2430434686930205
15.074877522890706,-3.2446206621617932
15.081888448457173,-3.2461983229022695
15.088899340037624,-3.2477764514632987
15.09591019757779,-3.2493550483937397
15.102921021023347,-3.2509341142427117
15.109931810320028,-3.2525136495582245
15.116942565413513,-3.2540936548885298
15.123953286249478,-3.2556741307815797
15.130963972773607,-3.257255077784755
15.137974624931536,-3.258836496445719
15.144985242668902,-3.2604183873116486
15.151995825931333,-3.2620007509294666
15.159006374664473,-3.263583587845469
15.166016888813887,-3.2651668986065734
15.173027368325183,-3.266750683758725
15.180037813143963,-3.268334943847507
15.187048223215754,-3.2699196794191168
15.194058598486135,-3.271504891018633
15.20106893890061,-3.2730905791916967
15.208079244404756,-3.274676744482582
15.215089514944047,-3.276263387436491
15.222099750464006,-3.277850508597594
15.229109950910106,-3.279438108510257
15.236120116227818,-3.2810261877184694
15.243130246362607,-3.2826147467659044
15.250140341259927,-3.28420378619595
15.257150400865193,-3.285793306552064
15.264160425123844,-3.2873833083769894
15.271170413981286,-3.2889737922134836
15.278180367382895,-3.2905647586042734
15.285190285274046,-3.2921562080916527
15.292200167600114,-3.2937481412175282
15.299210014306455,-3.295340558523616
15.306219825338381,-3.2969334605518004
15.313229600641245,-3.2985268478429735
15.320239340160322,-3.300120720938641
15.327249043840931,-3.301715080379323
15.334258711628339,-3.3033099267057686
15.34126834346779,-3.3049052604585856
15.34827793930458,-3.3065010821773573
15.35528749908389,-3.308097392402667
15.362297022750978,-3.3096941916736897
15.369306510251034,-3.3112914805300404
15.37631596152926,-3.3128892595107953
15.383325376530825,-3.3144875291549836
15.390334755200875,-3.316086290001527
15.39734409748458,-3.3176855425886003
15.404353403327065,-3.3192852874545737
15.41136267267343,-3.3208855251376104
15.418371905468787,-3.3224862561754187
15.425381101658216,-3.324087481105587
15.432390261186802,-3.3256892004652605
15.439399383999577,-3.3272914147918082
15.446408470041586,-3.3288941246220314
15.45341751925786,-3.33049733049246
15.460426531593393,-3.3321010329396636
15.467435506993192,-3.333705232499637
15.474444445402215,-3.3353099297085578
15.481453346765447,-3.3369151251018
15.488462211027802,-3.338520819215243
15.495471038134232,-3.340127012583854
15.502479828029637,-3.3417337057428163
15.509488580658914,-3.343340899226918
15.516497295966953,-3.3449485935706043
15.5235059738986,-3.3465567893084627
15.530514614398719,-3.348165486974348
15.537523217412126,-3.3497746871023972
15.544531782883656,-3.3513843902259945
15.551540310758071,-3.352994596879036
15.558548800980196,-3.3546053075941824
15.565557253494767,-3.356216522904813
15.572565668246547,-3.3578282433434796
15.579574045180266,-3.359440469442741
15.586582384240621,-3.3610532017351344
15.593590685372332,-3.3626664407524682
15.600598948520076,-3.3642801870266474
15.607607173628516,-3.365894441089348
15.614615360642293,-3.367509203472033
15.621623509506021,-3.369124474706124
15.628631620164366,-3.3707402553218766
15.635639692561854,-3.372356545850957
15.642647726643121,-3.3739733468231297
15.649655722352696,-3.375590658769122
15.65666367963515,-3.377208482218632
15.66367159843497,-3.3788268177020337
15.67067947869669,-3.3804456657486663
15.67768732036481,-3.3820650268877706
15.684695123383797,-3.3836849016486767
15.691702887698098,-3.385305290560448
15.69871061325214,-3.3869261941519277
15.70571829999037,-3.388547612951383
15.712725947857178,-3.390169547487224
15.719733556796946,-3.391791998287609
15.726741126754044,-3.3934149658803543
15.733748657672841,-3.395038450792857
15.740756149497628,-3.39666245355306
15.747763602172748,-3.3982869746877613
15.75477101564248,-3.3999120147241886
15.761778389851095,-3.4015375741891183
15.768785724742873,-3.4031636536088836
15.775793020262052,-3.4047902535098236
15.782800276352823,-3.4064173744184343
15.789807492959426,-3.408045016860159
15.796814670026018,-3.409673181361023
15.803821807496764,-3.4113018684465186
15.810828905315846,-3.4129310786414164
15.817835963427354,-3.4145608124712723
15.824842981775411,-3.416191070460725
15.831849960304114,-3.4178218531343054
15.838856898957529,-3.419453161016475
15.845863797679712,-3.4210849946313635
15.852870656414682,-3.4227173545031366
15.859877475106492,-3.4243502411550395
15.866884253699084,-3.425983655111303
15.873890992136479,-3.427617596894686
15.88089769036264,-3.429252067028201
15.887904348321458,-3.4308870660353965
15.894910965956898,-3.4325225944383035
15.901917543212837,-3.4341586527596877
15.908924080033186,-3.4357952415214297
15.915930576361758,-3.4374323612461755
15.922937032142446,-3.4390700124550566
15.929943447319033,-3.440708195670211
15.93694982183535,-3.4423469114126792
15.94395615563515,-3.4439861602040387
15.950962448662228,-3.445625942564813
15.957968700860306,-3.4472662590160583
15.964974912173133,-3.448907110078017
15.971981082544396,-3.4505484962712516
15.978987211917788,-3.4521904181157455
15.98599330023696,-3.453832876131612
15.99299934744557,-3.4554758708383266
16.000005353487246,-3.4571194027554055
16.007011318305594,-3.458763472402072
16.014017241844186,-3.4604080802975337
16.021023124046582,-3.4620532269607622
16.02802896485637,-3.4636989129098077
16.035034764217027,-3.4653451386637237
16.042040522072078,-3.4669919047404547
16.049046238365005,-3.468639211658047
16.056051913039276,-3.470287059934242
16.063057546038333,-3.471935450086656
16.070063137305592,-3.4735843826327515
16.077068686784454,-3.475233858089701
16.084074194418335,-3.4768838769740458
16.09107966015055,-3.4785344398031226
16.098085083924456,-3.4801855470933143
16.105090465683375,-3.4818371993608603
16.112095805370632,-3.483489397121612
16.119101102929466,-3.4851421408919925
16.126106358303154,-3.4867954311874607
16.133111571434952,-3.4884492685232606
16.140116742268024,-3.49010365341539
16.14712187074562,-3.4917585863782175
16.1541269568109,-3.4934140679268553
16.161132000407004,-3.49507009857605
16.168137001477067,-3.4967266788402966
16.1751419599642,-3.4983838092338377
16.182146875811505,-3.5000414902706174
16.189151748962058,-3.501699722464335
16.19615657935889,-3.503358506328831
16.20316136694504,-3.505017842377432
16.210166111663497,-3.5066777311234976
16.21717081345725,-3.508338173080058
16.22417547226927,-3.509999168759794
16.231180088042496,-3.511660718675298
16.238184660719856,-3.5133228233389056
16.245189190244222,-3.5149854832631413
16.25219367655851,-3.5166486989595223
16.259198119605546,-3.5183124709401046
16.26620251932818,-3.5199767997163725
16.273206875669214,-3.5216416857997186
16.280211188571435,-3.5233071297014016
16.287215457977634,-3.5249731319321036
16.294219683830544,-3.5266396930027364
16.301223866072878,-3.528306813424034
16.308228004647372,-3.5299744937058786
16.31523209949667,-3.5316427343589276
16.322236150563448,-3.5333115358928584
16.329240157790355,-3.534980898817294
16.336244121120004,-3.536650823641799
16.34324804049496,-3.5383213108759897
16.35025191585783,-3.539992361028588
16.357255747151143,-3.541663974608745
16.364259534317455,-3.543336152124853
16.37126327729924,-3.5450088940857953
16.37826697603899,-3.546682200999672
16.385270630479155,-3.548356073374826
16.3922742405622,-3.5500305117187425
16.399277806230547,-3.551705516539119
16.406281327426534,-3.5533810883440373
16.413284804092577,-3.5550572276402903
16.420288236171046,-3.556733934934656
16.42729162360422,-3.5584112107346675
16.43429496633442,-3.5600890555466984
16.441298264303942,-3.561767469877113
16.448301517455015,-3.5634464542325115
16.455304725729924,-3.5651260091183445
16.462307889070836,-3.5668061350410833
16.46931100741995,-3.5684868325062618
16.476314080719472,-3.5701681020188865
16.48331710891148,-3.571849944085094
16.490320091938163,-3.573532359209054
16.49732302974158,-3.575215347896125
16.504325922263853,-3.5768989106504314
16.511328769446987,-3.5785830479770118
16.518331571233023,-3.5802677603800053
16.525334327563993,-3.581953048363164
16.532337038381876,-3.5836389124304087
16.53933970362863,-3.5853253530853677
16.546342323246193,-3.587012370831619
16.55334489717647,-3.588699966172471
16.560347425361385,-3.5903881396105377
16.567349907742766,-3.5920768916492207
16.574352344262508,-3.5937662227905958
16.5813547348624,-3.5954561335374127
16.588357079484275,-3.597146624391636
16.595359378069897,-3.5988376958553796
16.602361630560985,-3.6005293484308973
16.609363836899306,-3.602221582619392
16.61636599702657,-3.603914398922224
16.623368110884446,-3.6056077978408116
16.63037017841459,-3.607301779876254
16.63737219955867,-3.6089963455289897
16.64437417425826,-3.6106914953001144
16.651376102455007,-3.6123872296893405
16.658377984090414,-3.614083549197676
16.66537981910606,-3.6157804543247116
16.672381607443455,-3.617477945570414
16.679383349044105,-3.619176023434201
16.686385043849473,-3.620874688415667
16.693386691801013,-3.622573941013917
16.700388292840156,-3.6242737817278896
16.70738984690829,-3.6259742110566178
16.71439135394679,-3.6276752294986587
16.721392813897022,-3.6293768375523494
16.728394226700324,-3.6310790357157923
16.735395592297973,-3.6327818244873478
16.742396910631285,-3.6344852043644007
16.749398181641496,-3.6361891758448546
16.75639940526985,-3.637893739425967
16.763400581457564,-3.6395988956048977
16.7704017101458,-3.641304644878942
16.77740279127575,-3.643010987744604
16.784403824788544,-3.644717924698592
16.79140481062528,-3.646425456237454
16.79840574872708,-3.648133582857065
16.805406639034995,-3.6498423050535944
16.812407481490048,-3.651551623323122
16.819408276033275,-3.653261538160999
16.82640902260568,-3.654972050062535
16.833409721148204,-3.6566831595233062
16.840410371601834,-3.658394867037801
16.84741097390744,-3.6601071731014367
16.854411528005965,-3.6618200782082804
16.861412033838263,-3.663533582852961
16.868412491345175,-3.665247687529786
16.87541290046754,-3.666962392732603
16.882413261146162,-3.668677698955168
16.889413573321786,-3.670393606691439
16.896413836935203,-3.6721101164343395
16.903414051927097,-3.6738272286776255
16.910414218238213,-3.675544943913754
16.9174143358092,-3.677263262635854
16.924414404580713,-3.6789821853366225
16.931414424493383,-3.680701712508323
16.93841439548782,-3.6824218446431636
16.945414317504593,-3.6841425822332456
16.95241419048427,-3.685863925770252
16.959414014367386,-3.687585875745712
16.966413789094403,-3.6893084326515666
16.973413514605863,-3.6910315969782963
16.980413190842174,-3.692755369217504
16.987412817743795,-3.69447974985966
16.994412395251107,-3.696204739395692
17.001411923304524,-3.697930338315648
17.008411401844374,-3.699656547110038
17.015410830811007,-3.7013833662686886
17.022410210144717,-3.7031107962816123
17.029409539785775,-3.704838837638529
17.036408819674495,-3.7065674908282062
17.04340804975106,-3.708296756340401
17.05040722995565,-3.7100266346645796
17.057406360228534,-3.7117571262884295
17.0644054405098,-3.7134882317014415
17.071404470739584,-3.715219951391975
17.078403450858048,-3.716952285847636
17.085402380805228,-3.718685235556988
17.092401260521168,-3.7204188010080212
17.099400089945956,-3.7221529826877324
17.106398869019543,-3.7238877810841804
17.113397597681946,-3.725623196684169
17.120396275873112,-3.727359229974873
17.12739490353298,-3.729095881443034
17.13439348060144,-3.730833151575509
17.141392007018393,-3.7325710408584043
17.148390482723674,-3.734309549778306
17.155388907657134,-3.7360486788209415
17.16238728175857,-3.7377884284722955
17.169385604967772,-3.7395287992178377
17.176383877224477,-3.741269791543259
17.18338209846842,-3.7430114059337103
17.190380268639306,-3.74475364287426
17.19737838767685,-3.7464965028492396
17.204376455520663,-3.748239986343848
17.21137447211037,-3.74998409384254
17.218372437385625,-3.7517288258289923
17.22537035128594,-3.753474182787999
17.23236821375091,-3.7552201652028603
17.239366024720077,-3.7569667735570342
17.246363784132896,-3.7587140083345294
17.25336149192886,-3.760461870018381
17.260359148047428,-3.762210359091523
17.267356752428043,-3.7639594760365345
17.274354305010057,-3.7657092213366847
17.2813518057329,-3.767459595473702
17.288349254535845,-3.769210598930717
17.29534665135829,-3.770962232188879
17.30234399613953,-3.7727144957300522
17.30934128881878,-3.7744673900365573
17.316338529335322,-3.776220915589358
17.323335717628364,-3.7779750728698613
17.330332853637127,-3.779729862358798
17.33732993730076,-3.7814852845372506
17.34432696855839,-3.7832413398859748
17.351323947349183,-3.784998028884954
17.358320873612193,-3.786755352014767
17.365317747286483,-3.788513309755516
17.37231456831112,-3.7902719025867655
17.379311336625097,-3.792031130988294
17.386308052167394,-3.7937909954397373
17.393304714877047,-3.7955514964194506
17.40030132469291,-3.79731263440743
17.407297881553895,-3.7990744098825466
17.41429438539898,-3.8008368233222787
17.42129083616689,-3.802599875206619
17.428287233796578,-3.8043635660124577
17.43528357822681,-3.8061278962183205
17.442279869396337,-3.807892866302372
17.449276107243975,-3.8096584767415447
17.456272291708377,-3.811424728014168
17.463268422728333,-3.8131916205964664
17.47026450024246,-3.8149591549662216
17.47726052418946,-3.816727331599613
17.484256494507914,-3.818496150973872
17.49125241113648,-3.820265613564707
17.498248274013648,-3.8220357198492803
17.505244083078043,-3.823806470302779
17.512239838268176,-3.825577865401148
17.519235539522505,-3.8273499056204088
17.526231186779533,-3.8291225914356315
17.533226779977692,-3.8308959233221764
17.54022231905541,-3.8326699017549575
17.547217803951092,-3.8344445272086016
17.55421323460307,-3.8362198001581724
17.56120861094971,-3.8379957210777316
17.568203932929322,-3.8397722904415237
17.575199200480206,-3.841549508723404
17.582194413540602,-3.8433273763974647
17.589189572048763,-3.8451058939370872
17.596184675942883,-3.8468850618158887
17.603179725161187,-3.848664880506535
17.610174719641748,-3.8504453504829903
17.6171696593228,-3.85222647221688
17.624164544142396,-3.854008246181403
17.6311593740386,-3.8557906728490923
17.638154148949482,-3.8575737526919283
17.645148868813102,-3.8593574861815076
17.652143533567404,-3.861141873790273
17.659138143150425,-3.8629269159890596
17.666132697500068,-3.8647126132497345
17.673127196554248,-3.866498966043588
17.680121640250878,-3.8682859748413274
17.687116028527832,-3.8700736401136826
17.694110361322963,-3.8718619623311286
17.701104638574055,-3.8736509419643492
17.708098860218954,-3.8754405794828792
17.715093026195355,-3.87723087535747
17.722087136441054,-3.87902183005718
17.729081190893712,-3.8808134440521562
17.736075189491082,-3.8826057178109505
17.743069132170728,-3.8843986518037923
17.750063018870385,-3.8861922464984016
17.7570568495276,-3.887986502364228
17.764050624079964,-3.8897814198696543
17.771044342465032,-3.891576999482954
17.778038004620328,-3.8933732416723394
17.78503161048336,-3.8951701469055764
17.79202515999161,-3.896967715650318
17.799018653082502,-3.89876594837435
17.80601208969351,-3.9005648455443476
17.813005469761944,-3.9023644076284287
17.819998793225242,-3.904164635092642
17.82699206002074,-3.9059655284037658
17.833985270085694,-3.907767088028954
17.840978423357477,-3.9095693144335963
17.847971519773314,-3.9113722080841224
17.854964559270442,-3.9131757694464553
17.861957541786072,-3.914979998986224
17.86895046725738,-3.916784897168951
17.87594333562155,-3.9185904644596485
17.882936146815688,-3.920396701323624
17.88992890077692,-3.922203608225477
17.896921597442276,-3.9240111856303854
17.90391423674888,-3.9258194340019723
17.910906818633716,-3.9276283538048626
17.917899343033778,-3.929437945503224
17.924891809886024,-3.9312482095610037
17.931884219127472,-3.933059146440984
17.93887657069498,-3.934870756607277
17.945868864525423,-3.936683040523258
17.952861100555722,-3.9384959986513115
17.959853278722704,-3.940309631454388
17.96684539896316,-3.9421239393953194
17.97383746121386,-3.943938922936576
17.980829465411645,-3.945754582539522
17.987821411493158,-3.947570918667124
17.994813299395158,-3.949387931780528
18.001805129054304,-3.9512056223415084
18.008796900407262,-3.9530239908113174
18.015788613390647,-3.9548430376511887
18.022780267941076,-3.95666276332191
18.029771863995144,-3.9584831682839443
18.036763401489324,-3.9603042529986943
18.043754880360197,-3.962126017925727
18.050746300544255,-3.963948463525225
18.05773766197797,-3.965771590256998
18.064728964597755,-3.967595398581118
18.07172020834002,-3.9694198889570367
18.078711393141177,-3.9712450618438564
18.085702518937612,-3.97307091770028
18.09269358566561,-3.97489745698579
18.09968459326153,-3.9767246801584637
18.106675541661605,-3.978552587677253
18.11366643080212,-3.980381180000093
18.1206572606193,-3.9822104575850665
18.127648031049347,-3.984040420889964
18.13463874202842,-3.9858710703725833
18.141629393492682,-3.987702406490194
18.148619985378243,-3.989534429700103
18.15561051762123,-3.991367140458973
18.162600990157713,-3.9932005392235603
18.169591402923686,-3.9950346264509777
18.176581755855224,-3.996869402596926
18.183572048888266,-3.998704868118126
18.1905622819588,-4.000541023470191
18.19755245500277,-4.002377869108824
18.204542567956054,-4.004215405489914
18.211532620754575,-4.006053633068279
18.21852261333417,-4.00789255229928
18.22551254563067,-4.00973216363775
18.232502417579877,-4.011572467538454
18.23949222911756,-4.013413464455942
18.246481980179503,-4.015255154844037
18.25347167070139,-4.0170975391572865
18.260461300618957,-4.018940617849098
18.267450869867847,-4.020784391373405
18.274440378383698,-4.022628860183698
18.281429826102123,-4.024474024733218
18.28841921295876,-4.026319885474437
18.295408538889138,-4.028166442860603
18.3023978038288,-4.030013697344193
18.309387007713234,-4.031861649377829
18.31637615047797,-4.033710299413129
18.323365232058443,-4.035559647902389
18.330354252390052,-4.037409695297617
18.337343211408246,-4.039260442049876
18.344332109048405,-4.041111888610423
18.351320945245863,-4.042964035430598
18.358309719935953,-4.04481688296121
18.36529843305395,-4.046670431653156
18.372287084535156,-4.0485246819566045
18.379275674314783,-4.05037963432215
18.3862642023281,-4.052235289199303
18.393252668510232,-4.0540916470386374
18.40024107279642,-4.055948708288942
18.407229415121755,-4.057806473400115
18.414217695421364,-4.0596649428211995
18.421205913630303,-4.061524117001529
18.428194069683688,-4.063383996389217
18.435182163516494,-4.065244581433472
18.44217019506377,-4.067105872582179
18.449158164260453,-4.068967870283922
18.45614607104156,-4.070830574985922
18.463133915341967,-4.072693987136413
18.47012169709656,-4.074558107183103
18.477109416240268,-4.076422935572609
18.484097072707925,-4.078288472752117
18.491084666434304,-4.080154719169053
18.498072197354222,-4.082021675269773
18.50505966540249,-4.0838893415002016
18.512047070513795,-4.085757718307196
18.519034412622876,-4.087626806136425
18.526021691664436,-4.0894966054335065
18.53300890757307,-4.09136711664475
18.53999606028348,-4.0932383402147545
18.546983149730224,-4.095110276589256
18.55397017584796,-4.096982926212273
18.560957138571226,-4.0988562895287535
18.56794403783444,-4.100730366984385
18.574930873572214,-4.102605159022258
18.58191764571899,-4.104480666086793
18.588904354209248,-4.106356888621484
18.59589099897736,-4.108233827070554
18.602877579957784,-4.110111481876702
18.609864097084806,-4.111989853484096
18.616850550292867,-4.113868942334655
18.62383693951622,-4.115748748871798
18.630823264689177,-4.117629273537905
18.63780952574598,-4.119510516775528
18.64479572262087,-4.121392479026757
18.65178185524814,-4.123275160732615
18.658767923561857,-4.125158562336038
18.665753927496226,-4.127042684278057
18.672739866985417,-4.128927526999486
18.67972574196348,-4.130813090941958
18.686711552364528,-4.132699376545951
18.693697298122615,-4.134586384252045
18.700682979171752,-4.136474114500778
18.707668595445938,-4.138362567732394
18.714654146879187,-4.140251744386353
18.721639633405363,-4.142141644903319
18.728625054958464,-4.14403226972199
18.735610411472376,-4.145923619281747
18.742595702880937,-4.147815694022011
18.749580929118046,-4.149708494380993
18.75656609011742,-4.151602020798476
18.763551185812947,-4.153496273711777
18.770536216138332,-4.155391253559761
18.777521181027367,-4.157286960779792
18.784506080413706,-4.159183395810298
18.791490914231062,-4.16108055908852
18.798475682413095,-4.162978451051717
18.805460384893397,-4.164877072137486
18.81244502160563,-4.166776422782121
18.819429592483377,-4.168676503422227
18.826414097460173,-4.170577314494483
18.833398536469463,-4.17247885643601
18.84038290944491,-4.17438112968106
18.847367216319867,-4.176284134666721
18.85435145702784,-4.178187871828029
18.86133563150223,-4.180092341600504
18.86831973967643,-4.181997544419311
18.875303781483794,-4.18390348071959
18.88228775685771,-4.185810150935523
18.88927166573147,-4.187717555501844
18.89625550803841,-4.189625694852363
18.903239283711734,-4.191534569421769
18.910222992684652,-4.193444179644193
18.91720663489053,-4.1953545259515845
18.924190210262367,-4.197265608779333
18.93117371873344,-4.1991774285593095
18.938157160236898,-4.201089985724318
18.945140534705782,-4.203003280707792
18.952123842073192,-4.204917313942057
18.959107082272222,-4.206832085858928
18.966090255235844,-4.208747596891096
18.973073360897125,-4.210663847469724
18.980056399189024,-4.212580838026584
18.98703937004447,-4.214498568993311
18.99402227339643,-4.2164170408006605
19.001005109177775,-4.218336253879804
19.007987877321366,-4.2202562086616835
19.014970577760117,-4.222176905576008
19.021953210426805,-4.224098345053572
19.028935775254208,-4.226020527524572
19.03591827217511,-4.227943453418695
19.042900701122324,-4.229867123164809
19.049883062028467,-4.231791537193384
19.0568653548263,-4.2337166959328085
19.063847579448467,-4.2356425998122464
19.070829735827576,-4.237569249260792
19.07781182389635,-4.239496644705699
19.084793843587246,-4.241424786576707
19.091775794832916,-4.243353675300831
19.09875767756591,-4.245283311305772
19.105739491718676,-4.247213695019791
19.112721237223752,-4.24914482686967
19.11970291401359,-4.251076707282598
19.12668452202056,-4.25300933668621
19.133666061177195,-4.25494271550585
19.14064753141577,-4.25687684416908
19.147628932668706,-4.258811723101471
19.154610264868285,-4.260747352729562
19.161591527946875,-4.2626837334784415
19.16857272183673,-4.264620865773955
19.175553846470116,-4.266558750041256
19.182534901779217,-4.26849738670597
19.189515887696295,-4.270436776192296
19.196496804153465,-4.272376918925555
19.203477651082938,-4.274317815329546
19.210458428416835,-4.2762594658285
19.21743913608722,-4.278201870846806
19.22441977402621,-4.280145030807673
19.231400342165855,-4.282088946134653
19.23838084043818,-4.2840336172510165
19.245361268775127,-4.285979044580401
19.252341627108756,-4.287925228544712
19.259321915370943,-4.2898721695672855
19.266302133493618,-4.291819868070445
19.2732822814087,-4.29376832447604
19.280262359048116,-4.295717539205431
19.28724236634362,-4.297667512681284
19.294222303227123,-4.2996182453240435
19.301202169630322,-4.30156973755598
19.30818196548508,-4.3035219897971215
19.315161690723105,-4.305475002468583
19.322141345276066,-4.307428775991454
19.32912092907571,-4.309383310785479
19.336100442053695,-4.311338607270835
19.343079884141655,-4.313294665867465
19.350059255271226,-4.3152514869947955
19.35703855537403,-4.317209071071894
19.36401778438161,-4.319167418518138
19.370996942225442,-4.321126529753196
19.377976028837153,-4.323086405194591
19.38495504414813,-4.325047045261918
19.39193398808994,-4.3270084503722686
19.398912860593956,-4.328970620944408
19.405891661591628,-4.330933557395782
19.41287039101434,-4.332897260143955
19.419849048793445,-4.33486172960641
19.42682763486026,-4.336826966200455
19.433806149146157,-4.33879297034233
19.44078459158237,-4.340759742449233
19.447762962100267,-4.342727282936528
19.454741260631007,-4.344695592221137
19.461719487105764,-4.346664670719468
19.468697641455808,-4.34863451884635
19.475675723612262,-4.35060513701772
19.482653733506307,-4.352576525648324
19.489631671069017,-4.354548685153615
19.49660953623151,-4.35652161594803
19.503587328924844,-4.358495318446208
19.510565049080046,-4.360469793062549
19.517542696628162,-4.3624450402107975
19.52452027150012,-4.3644210603054665
19.531497773626917,-4.366397853759788
19.538475202939562,-4.368375420986412
19.545452559368893,-4.370353762399293
19.552429842845807,-4.372332878411231
19.55940705330121,-4.374312769434501
19.566384190665893,-4.37629343588205
19.57336125487071,-4.378274878165673
19.580338245846438,-4.38025709669749
19.587315163523886,-4.382240091888762
19.59429200783372,-4.384223864151811
19.601268778706725,-4.386208413897166
19.608245476073538,-4.388193741536464
19.615222099864837,-4.390179847480332
19.62219865001134,-4.392166732138567
19.629175126443563,-4.394154395922603
19.636151529092146,-4.396142839241987
19.643127857887713,-4.398132062506008
19.650104112760722,-4.40012206612517
19.657080293641734,-4.402112850508464
19.664056400461234,-4.404104416065133
19.671032433149712,-4.406096763203889
19.678008391637597,-4.408089892333546
19.68498427585536,-4.410083803862076
19.691960085733317,-4.412078498198486
19.698935821201864,-4.414073975750546
19.70591148219146,-4.416070236924789
19.71288706863226,-4.418067282130517
19.719862580454674,-4.420065111773764
19.726838017588904,-4.422063726262342
19.733813379965344,-4.424063126001539
19.740788667514067,-4.426063311399503
19.747763880165344,-4.42806428286185
19.754739017849364,-4.4300660407945065
19.761714080496212,-4.432068585603987
19.76868906803611,-4.434071917694936
19.77566398039913,-4.436076037473082
19.78263881751532,-4.438080945343884
19.78961357931483,-4.440086641711242
19.796588265727586,-4.442093126980828
19.803562876683603,-4.444100401557077
19.810537412112982,-4.446108465842904
19.817511871945594,-4.448117320243153
19.82448625611135,-4.45012696516176
19.831460564540276,-4.452137401000998
19.838434797162154,-4.454148628165151
19.845408953906833,-4.456160647057356
19.85238303470425,-4.458173458079375
19.859357039484237,-4.460187061633454
19.866330968176452,-4.462201458123264
19.873304820710803,-4.46421664794939
19.88027859701693,-4.466232631514647
19.88725229702463,-4.468249409219759
19.894225920663565,-4.470266981466386
19.90119946786343,-4.472285348655323
19.908172938553847,-4.474304511187705
19.915146332664474,-4.476324469463676
19.922119650124905,-4.478345223883658
19.92909289086466,-4.480366774848366
19.936066054813363,-4.482389122756847
19.943039141900574,-4.484412268008443
19.950012152055713,-4.486436211003389
19.956985085208316,-4.488460952140223
19.963957941287866,-4.490486491817628
19.970930720223706,-4.492512830435129
19.97790342194534,-4.494539968390185
19.984876046382194,-4.496567906080551
19.991848593463477,-4.4985966439057234
19.998821063118683,-4.500626182261818
20.0,-4.500969427218131
